ID,Ojibwe Word,Word Class,English Translation
1,abanzh,ni,"lodge pole, rafter; pi abanzhiin; lac abanzhiing; dim abanzhiins"
2,abashkwebiigininjiishin,vai,get a blister on one's hand; hg indabashkwebiigininjiishin; pn ebashkwebiigininjiishing
3,abashkwebiigizi,vai,have a blister; Isg indabashkwebiigiz; prt ebashkwebiigizid
4,abashkwebiigizideshin,vai,get a blister on one's foot; hg indabashkwebiigizideshin; prt ebashkwebiigizideshing abaabas /abaabasw-/ via cense s.o.; Isg indabaabaswaa; pn ebaabaswaad
8,abaasandeke,vai,bask in the sun; hg indabaasandeke; prt ebaasandeked
10,abaate,vii,warm up (of the weather); prt ebaateg; aug abaatemagad; prt aug ebaatemagak
15,abinoojiinyikaazo,vai,pretend to be a child; hg indabinoojiinyikaaz; pn ebinoojiinyikaazod
28,abwaajige,vai,roast things; hg indabwaajige; pn ebwaajiged
31,abwewasan,vti,cure s.t. over a fire; hg indabwewasaan; prt ebwewasang
32,abwewasigan,ni,fire-cured meat or fish; pi abwewasiganan; loc abwewasiganing; dim abwewasigaans
33,abwewasige,vai,cure things over a fire; hg indabwewasige; pn ebwewasiged
48,adaawewininiikwe,na,"store clerk (female), trader (female); pi adaawewininiikweg"
51,adindan,vti,"catch up to s.t., overtake s.t.; Isg indadindaan; pn edindang"
54,agadendan,vti,be ashamed of s.t.; Isg indagadendaan; pn egadendang
55,agadendaagozi,vai,"be ashamed, be embarrassed; Isg indagadendaagoz; pn egadendaagozid"
56,agadendaagwad,vii,"be shameful, be embarrassing; pn egadendaagwak"
59,agaji',vta,"make s.o. ashamed, embarrass s.o.; Isg indagaji'aa; prt egaji'aad"
60,agajishki,vai,be a shy person; Isg indagajishk; pn egajishkid
62,agawaate'on,ni,umbrella; pi agawaate'onan; loc agawaate'oning; dim agawaate'onens
66,agawaateshkan,vti,"shade s.t., cast a shadow on s.t.; Isg indagawaateshkaan; pn egawaateshkang"
67,agawaateshkaw,vta,"shade s.o., cast a shadow on s.o.; Isg indagawaateshkawaa; pn egawaateshkawaad"
71,agaamakiing,pc,"overseas, in Europe"
72,agaamashkosiw,pc,on the other side of the meadow
73,agaamayi'ii,pc,"on the other side of it, across it"
74,agaamaakwaa,pc,on the other side of the clearing
75,agaami-,pn,"on the other side of, across agaamikanapL on the other side of the road or trail, across the road or trail"
76,agaamindesi,pc,other side of the lodge
77,agaamindesing,pc,"on the other side of the lodge agaamingpc on the other side of the lake, across the lake"
78,agaamishkode,pc,on the other side of the fire
79,agaasade',vta,make s.o. narrow; Isg indagaasade'aa; pn egaasade'aad agaasademon /agaasademo-/ vii be narrow (as a road or trail); pn egaasademog
80,agaasadengwe,vai,have a narrow face; Isg indagaasadengwe; pn egaasadengwed
82,agaasadetoon,vti2,make s.t. narrow; Isg indagaasadetoon; prt egaasadetood
86,agaasadeyaabiigad,vii,be narrow (as something string-like); pn egaasadeyaabiigak
87,agaasadeyaabiigizi,vai,be narrow (as something string-like); pn egaasadeyaabiigizid
95,agaasaabaminaagozi,vai,"appear small, look small; pn egaasaabaminaagozid"
96,agaasaabaminaagwad,vii,"appear small, look small; pn egaasaabaminaagwak"
103,agaasaatoon,vti2,make s.t. small; Isg indagaasaatoon; prt egaasaatood
108,agaasi',vta,make s.o. small; Isg indagaasi'aa; pn egaasi'aad
113,agaawaa,pc,"hardly, barely"
115,agidajiw,pc,"on top of a mountain; also ogidajiw*, wagidajiw"
116,agidakamig,pc,"on top of the ground; also ogidakamig*, wagidakamig"
117,agidasin,pc,"on top of a rock; also ogidasin*, wagidasin agidaabik /)t on something mineral (e.g., metal, glass, rock); also ogidaabik*, wagidaabik"
118,agidaajiwan,pc,"upstream; also ogidaajiwan*, wagidaajiwan"
119,agidaaki,pc,"on top of a hill; also ogidaaki*, wagidaaki"
120,agidaakiiwe,vai,go uphill; Isg indagidaakiiwe; pn egidaakiiwed
121,agidaakiiwebatoo,vai,"run uphill; Isg indagidaakiiwebatoo; pn egidaakiiwebatood agidibiigpc on top of the water; also ogidibiig*, wagidibiig agidigamigpc on top of the house; also ogidigamig*, wagidigamig"
122,agidiskwam,pc,"on top of the ice; also ogidiskwam*, wagidiskwam"
123,agig,na,phlegm
125,agijayi'ii,pc,"on top of it; also ogijayi'ii*, wagijayi'ii"
126,agiji-,pn,"on top of; also ogiji-*, wagiji- agim via count s.o.; Isg indagimaa; pn egimaad"
128,agindamaage,vai,"count (s.t.) for people, read (s.t.) for people; Isg indagindamaage; pn egindamaaged"
131,agindaasoowigamig,ni,library; pi agindaasoowigamigoon; he agindaasoowigamigong; dim agindaasoowigamigoons
136,agogwaajigan,ni,"applique piece, trim; pi agogwaajiganan; loc agogwaajiganing; dim agogwaajigaans"
138,agokadoon,vti2,stick s.t. on; Isg indagokadoon; pn egokadood agokazh /agokaN-/ vta stick s.o. on; Isg indagokanaa; pn egokanaad
148,agonde,vii,"float, be suspended in water; pn egondeg"
150,agongosimo,vai,speak a Scandinavian language; Isg indagongosim; pn egongosimod
151,agonjidoon,vti2,"soak s.t., put s.t. in to soak; Isg indagonjidoon; pn egonjidood"
152,agonjijigaade,vii,be put in to soak; pn egonjijigaadeg; aug agonjijigaademagad; pn aug egonjijigaademagak
153,agonjijigaazo,vai,be put in to soak; prt egonjijigaazod
154,agonjim,vta,"soak s.o., put s.o. in to soak; hg indagonjimaa; prt egonjimaad"
155,agonjoonaagan,ni,net float; pi agonjoonaaganan; loc agonjoonaaganing; dim agonjoonaagaans
157,agoodasabii,vai,hang up a net; Isg indagoodasabii; prt egoodasabiid
161,agoodoon,vti2,hang s.t.; Isg indagoodoon; pn egoodood
163,agoodwaaganeyaab,ni,snare wire; pi agoodwaaganeyaabiln; loc agoodwaaganeyaabiing; dim agoodwaagan eyaabiins
164,agoojiganaatig,ni,clothesline pole; pi agoojiganaatigoon; loc agoojiganaatigong; dim agoojiganaatigoons
168,agoojiwanaanaak,ni,hanging rack for food drying; pi agoojiwanaanaakoon; loc agoojiwanaanaakong; dim agoojiwanaanaakoons agoozh /agooN-/ vta hang s.o.; Isg indagoonaa; pn egoonaad
171,agwajiing,pc,"outside, outdoors"
176,agwapidoon,vti2,tie s.t. on something; Isg indagwapidoon; prt egwapidood
177,agwapijigaade,vii,"be tied on, be hitched on; pn egwapijigaadeg; aug agwapijigaademagad; prt aug egwapijigaademagak"
180,agwazhe',vta,cover s.o. with blankets; Isg indagwazhe'aa; prt egwazhe'aad
181,agwazhe'on,ni,"blanket, covering; pi agwazhe'onan; loc agwazhe'oning; dim agwazhe'onens"
183,agwaabidoon,vti2,"pull s.t. ashore, pull s.t. from the water; Isg indagwaabidoon; prt egwaabidood"
186,agwaabikizo,vai,"burn to the pan; pn egwaabikizod agwaabizh /agwaabiN-/ vta pull s.o. ashore, pull s.o. from the water; Isg indagwaabinaa; prt egwaabinaad agwaabiiga' /agwaabiiga'w-/ vta take s.o. off the water using something; Isg indagwaabiiga'waa; pn egwaabiiga'waad"
187,agwaabiiga'amaw,vta,take (s.t.) off the water using something for s.o.; Isg indagwaabiiga'amawaa; pn egwaabiiga'amawaad
188,agwaabiiga'an,vti,take s.t. off the water using something; Isg indagwaabiiga'aan; pn egwaabiiga'ang
191,agwaadaabii,vai,drag something ashore; Isg indagwaadaabii; prt egwaadaabiid
194,agwaagwaabikad,vii,be rusty; pn egwaagwaabikak
197,agwaagwaabikizi,vai,be rusty; prt egwaagwaabikizid
198,agwaa'o,vai,"land, come ashore in a boat; Isg indagwaa'; prt egwaa'od; also agwaa'am"
199,agwaa'oodoon,vti2,take s.t. ashore by boat; hg indagwaa'oodoon; pn egwaa'oodood
200,agwaakwa'an,vti,"nail s.t. up against the wall, post s.t. up; Isg indagwaakwa'aan; prt egwaakwa'ang"
201,agwaakwa'igan,m,"sign, notice, poster; pi agwaakwa'iganan; lac agwaakwa'iganing; dim agwaakwa'igaans"
204,agwaasidoon,vti2,"take s.t. ashore, take s.t. off the fire; Isg indagwaasidoon; prt egwaasidood"
205,agwaasijigaade,vii,"be taken ashore, be taken off the fire; prt egwaasijigaadeg; aug agwaasijigaademagad; prt aug egwaasijigaademagak"
206,agwaasijigaazo,vai,"be taken ashore, be taken off the fire; prt egwaasijigaazod"
220,ajijiingwese,vai,fall on one's face; Isg indajijiingwese; prt ejijiingwesed
221,ajina,pc,a little while
222,akakanzhe,m,"charcoal, coals, coal; lac akakanzheng; dim akakanzhens"
223,akakanzhekaa,vii,"be coals, be hot ashes; prt ekakanzhekaag; aug akakanzhekaamagad; prt aug ekakanzhekaamagak"
224,akakojiish,na,woodchuck; pi akakojiishag; dim akakojiishens
227,akandoowin,ni,hunting blind; pi akandoowinan; loc akandoowining; dim akandoowinens
231,akawe,pc,"first (in a time sequence), first of all; also kawe"
232,akeyaa,pc,"in the direction of; also gakeyaa, nakakeyaa*"
236,akina,pc,"all, every; also kina, gakina akina gegoo pr everything; also kina gegoo, gakina gegoo"
239,akii-mazina'igan,ni,map; pi akii-mazina'iganan; he akii-mazina'iganing; dim akii- mazina'igaans
241,akiiwe-wiigiwaam,ni,earth lodge; pi akiiwe- wiigiwaaman; loc akiiwe-wiigiwaaming; dim akiiwe-wiigiwaamens
242,akiiwigamig,ni,"sod house, root house; pI akiiwigamigoon; he akiiwigamigong; dim akiiwigamigoons ako- pv3 since, a certain length, as long as, as far as"
243,akoo',vta,"make s.o. a certain length, make s.o. so long; Isg indakoo'aa; prt ekoo'aad"
244,akootoon,vti2,"make s.t. a certain length, make s.t. so long; Isg indakootoon; prt ekootood"
246,akwa'waa,vai,fish through the ice with spear; Isg indakwa'waa; prt ekwa'waad
247,akwa'wewigamig,ni,fish house for spearing; pi akwa'wewigamigoon; loc akwa'wewigamigong; dim akwa'wewigamigoons
249,akwaa,vii,"be a certain length, be a certain height, be so long, be so tall; prt ekwaag; aug akwaamagad; prt aug ekwaamagak"
255,akwaakwaa,vii,woods go a certain distance; prt ekwaakwaag; aug akwaakwaamagad; prt aug ekwaakwaamagak
260,akwaandawebizon,ni,elevator; pi akwaandawebizonan; loc akwaandawebizoning; dim akwaandawebizonens
270,amaniso,vai,be alarmed; Isg indamanis; prt emanisod
272,amanj,pc,"I don't know how, I wonder how dubitative; also amanj iidog, namanj*, namanj iidog* amanj apii pc I don't know when, I wonder when dubitative amanj igo pc however dubitative amanj igo apii pc whenever, anytime dubitative"
273,ambe,pc,"come on!, let's go!, attention!"
277,ana'o,vai,choke on something stuck in one's throat; Isg indana'; pn ena'od anama'e- pv4 Christian; also aname-
278,anama'e-giizhigad,vii,be Sunday; prt enama'e- giizhigak; also aname-giizhigad
279,anama'e-mazina'igan,ni,prayer book; pi anama'e- mazina'iganan; loc anama'e-mazina'iganing; dim anama'e-mazina'igaans
280,anama'eminensag,na,rosary plural
281,anama'e-nagamon,ni,hymn; pi anama'e- nagamonan
282,anama'etaw,vta,pray for s.o.; Isg indanama'etawaa; pn enama'etawaad
283,anama'ewigamig,ni,church; pi anama'ewigamigoon; loc anama'ewigamigong; dim anama'ewigamigoons; also anamewigamig
284,anama'ewikwe,na,nun; pi anama'ewikweg; dim anama'ewikwens
285,anami'aa,vai,"pray, be Christian; Isg indanami'aa; prt enami'aad"
287,anamikaage,vai,greet people; Isg indanamikaage; pn enamikaaged
290,anaakanashk,ni,"reed, rush; pi anaakanashkoon; loc anaakanashkong; dim anaakanashkoons"
291,anaamakamig,pc,under the ground
292,anaamaki,pc,underground
293,anaamayi'ii,pc,under it
294,anaamaagon,pc,"under the snow; also anaamaagonag anaamaatig /x under wood (e.g., a tree or stick)"
295,anaamendan,vti,suspect s.t.; Isg indanaamendaari; prt enaamendang
297,anaami-,pn,under anaamibiig/>c underwater
299,anaamindizo,vai,blame oneself; Isg indanaamindiz; prt enaamindizod
301,anaamisag,pc,"under the floor, in the basement"
302,anaamisagadaweshiinh,na,wren;/)/ anaamisagadaweshiinyag
303,anaamiskwam,pc,under the ice
304,anaamiindim,pc,in the depths of a body of water
305,anaamoonag,pc,under a boat
308,ango',vta,reduce s.o. to nothing; Isg indango'aa; pn engo'aad
309,angoshkan,vti,wear s.t. out with foot or body; Isg indangoshkaan; pn engoshkang
310,angoshkaw,vta,"wear s.o. out with foot or body (e.g., pants); Isg indangoshkawaa; pn engoshkawaad"
311,angotoon,vti2,"reduce s.t. to nothing; Isg indangotoon; prt engotood ani- pv2 going away, going along, in progress, on the way, coming up to in time; also ni- anijiiminan /anijiimin-/ ni peas plural"
313,anima'adoo,vai,follow a trail away; Isg indanima'adoo; prt enima'adood
314,anima'adoon,vti2,follow s.t. away as a trail; Isg indanima'adoon; prt enima'adood
315,anima'amaazo,vai,go away singing; Isg indanima'amaaz; pn enima'amaazod anima'azh /anima'aN-/ vta follow s.o.'s trail away; Isg indanima'anaa; pn enima'anaad anima'oodoon vn2 take s.t. away by boat; Isg indanima'oodoon; pn enima'oodood anima'oozh /anima'ooN-/ vta take s.o. away by boat; Isg indanima'oonaa; pn enima'oonaad
320,animaada'e,vai,skate away; Isg indanimaada'e; prt enimaada'ed
321,animaa'an,vii,drift away on the waves; pn enimaa'ang
322,animaa'ogo,vai,drift away on the waves; Isg indanimaa'og; pn enimaa'ogod
329,animiba'igo,vai,drive away with horses; Isg indanimiba'ig; pn enimiba'igod
331,animibatwaadan,vti,run away (in the other direc- tion) with s.t.; Isg indanimibatwaadaan; pn enimibatwaadang animibatwaazh /animibatwaaN-/ vta run away (in the other direction) with s.o.; Isg indanimibatwaanaa; pn enimibatwaanaad
334,animibizonitoon,vti2,drive away with s.t.; Isg indanimibizonitoon; pn enimibizonitood
337,animidaabii'iwe,vai,drive away; Isg indanimidaabii'iwe; pn enimidaabii'iwed
348,animikose,vai,fall face down; pn enimikosed
349,animikose,vii,fall face down; pn enimikoseg; aug animikosemagad; pn aug enimikosemagak animikoshim via lay s.o. face down; Isg indanimikoshimaa; pn enimikoshimaad
351,animikosidoon,vti2,lay s.t. face down; hg indanimikosidoon; pn enimikosidood
354,animikwabiitaw,vta,sit with back to s.o.; Isg indanimikwabiitawaa; pn enimikwabiitawaad
360,animiwidoon,vti2,"take s.t. away, carry s.t. away; hg indanimiwidoon; pn enimiwidood animiwizh /animiwiN-/ vta take s.o. away, carry s.o. away; hg indanimiwinaa; prt enimiwinaad"
372,ani-naagozi,vai,go out of sight; Isg indani-naagoz; pn eni-naagozid
373,ani-naagwad,vii,go out of sight; pn eni-naagwak
376,anishinaabe-bimaadizi,vai,live the Indian way; hg indanishinaabe-bimaadiz; pn enishinaabe- bimaadizid
378,anishinaabekaa,vii,"diere are many people, there are many Indians; pn enishinaabekaag"
380,anishinaabekwewi,vai,be an Indian woman; Isg indanishinaabekwew; prt enishinaabekwewid
381,anishinaabe-maawanjii'idiiwigamig,ni,Indian center; pi anishinaabe- maawanjii'idiiwigamigoon; loc anishinaabe- maawanjii'idiiwigamigong
383,anishinaabemotaw,vta,"speak an Indian language (Ojibwe) to s.o.; 7s,!; indanishinaabemotawaa; pn enishinaabemotawaad"
385,anishinaabewaki,ni,Indian country; loc anishinaabewakiing
386,anishinaabewi,vai,"be human (in contrast to non- human beings), be Indian (in contrast to non- Indians), be Ojibwe; Isg indanishinaabew; pn enishinaabewid"
387,anishinaabewibii'amaw,vta,write (s.t.) in Indian (Ojibwe) to s.o.; hg indanishinaabewibii'amawaa; pn enishinaabewibii'amawaad
388,anishinaabewibii'an,vti,write s.t. in Indian (Ojibwe); hg indanishinaabewibii'aan; pn enishinaabewibii'ang
389,anishinaabewibii'igan,ni,"Indian (Ojibwe) writing, something written in Indian (Ojibwe); pi anishinaabewibii'iganan"
390,anishinaabewibii'igaade,vii,be written in Indian (Ojibwe); prt enishinaabewibii'igaadeg; aug anishinaabewibii'igaademagad; pn aug enishinaabewibii'igaademagak
391,anishinaabewibii'ige,vai,write in Indian (Ojibwe); Isg indanishinaabewibii'ige; prt enishinaabewibii'iged
392,anishinaabewinikaadan,vti,call s.t. in Indian (Ojibwe); hg indanishinaabewinikaadaan; pn enishinaafaewinikaadang II
393,anishinaabewinikaade,vii,be called in Indian (Ojibwe); pn enishinaabewinikaadeg; aug anishinaabewinikaademagad; pn aug enishinaabewinikaademagak anishinaabewinikaazh/anishinaabewinikaaN-/ via call s.o. in Indian (Ojibwe); hg indanishinaabewinikaanaa; prt enishinaabewinikaanaad
395,anishinaabewisidoon,vti2,"write s.t. in Indian (Ojibwe) (e.g., a book); Isg indanishinaabewisidoon; prt enishinaabewisidood"
396,anishinaabewisin,vii,"be written in Indian (Ojibwe) (e.g., a book or document); pn enishinaabewising"
400,aniibiimin,ni,highbush cranberry; pi aniibiiminan; dim aniibiiminens
401,aniibiiminagaawanzh,na,highbush cranberry bush; pi aniibiiminagaawanzhiig; loc aniibiiminagaawanzhiing; dim aniibiiminagaawanzhiins
403,aniibiishakik,na,teakettle; pi aniibiishakikoog; loc aniibiishakikong; dim aniibiishakikoons
406,aniibiishaabookewinini,na,"Chinese, Oriental; pi aniibiishaabookewininiwag"
407,aniibiishaabookewininiiwi,vai,"be Chinese, be Oriental; Isg inda niibiishaabookewininiiw; prt eniibiishaabookewininiiwid"
408,aniibiishibag,ni,leaf; pi aniibiishibagoon; be aniibiishibagong dim aniibiishibagoons; also aniibiish
410,aniibiishike,vai,make tea; Isg indaniibiishike; pn eniibiishiked
412,anokaadan,vii,work ait s.t.; Isg indanokaadaan; pn enokaadang
413,anokaajigan,ni,"manufacture, craft, something worked on, project; pi anokaajiganan; loc anokaajiganing; dim anokaajigaans anokaazh /anokaaN-/ vta work at s.o.; Isg indanokaanaa; pn enokaanaad"
418,anokiitaazo,vai,work for oneself; Isg indanokiitaaz; pn enokiitaazod
423,anooj,pc,"various, all kinds anooj gegoo pr a variety of things, various things; also anooji-gegoo"
425,anwaataa,vai,finish (in work or an activity); Isg indanwaataa; pn enwaataad
428,anweshin,vai,rest lying down; Isg indanweshin; pn enweshing
432,apabiwin,m,chair; pi apabiwinan; loc apabiwining; dim apabiwinens
433,apagajinaazhikamaw,vta,drive game for s.o.; Isg indapagajinaazhikamawaa; pn epagajinaazhikamawaad
434,apagajinaazhikaw,vta,drive s.o. as game; Isg indapagajinaazhikawaa; pn epagajinaazhikawaad
435,apagajinaazhikaage,vai,drive game; Isg indapagajinaazhikaage; pn epagajinaazhikaaged
436,apagidan,vti,throw s.t.; Isg indapagidaan; pn epagidang; also apagidoon
438,apagidoon,vti2,throw s.t.; Isg indapagidoon; pn epagidood; also apagidan
439,apagijige,vai,throw things; Isg indapagijige; pn epagijiged
442,apa'igo,vai,ride to a certain place with horses; hg indapa'ig; prt epa'igod
443,apa'iwe,vai,run away from people to a certain place; Isg indapa'iwe; pn epa'iwed
444,apakwaan,m,roofing; pi apakwaanan; loc apakwaaning; dim apakwaanens
446,apakweshkway,na,"cattail mat, cattail; pi apakweshkwayag"
447,apane,pc,"always, all the time, continually"
448,apangishin,vai,fall down against; Isg indapangishin; pn epangishing
449,apangisin,vii,fall down against; pn epangising
455,apegish,pc,"I wish that...; also ambegish*, ambesh*"
456,apenimonodan,vti,depend on s.t.; Isg indapenimonodaan; pn epenimonodang
457,apenimonodaw,vta,depend on s.o.; Isg indapenimonodawaa; prt epenimonodawaad; also apenimodaw
458,apibii'igan,ni,"desk, writing surface; pi apibii'iganan; loc apibii'iganing; dim apibii'igaans"
459,apibii'ige,vai,write on something; Isg indapibii'ige; pn epibii'iged
460,apiganegwaajigan,ni,moccasin cuff; pi apiganegwaajiganan; loc apiganegwaajiganing; dim apiganegwaajigaans; also apigwanegwaason
461,apigwayawegwaajigan,ni,collar; pi apigwayawegwaajiganan; loc apigwayawegwaajiganing; dim apigwayawegwaajigaans
463,apikaans,ni,fan belt; pi apikaansan
466,apishimo,vai,lie on something; Isg indapishim; pn epishimod
468,apishimonike,vai,make a bed (as in camp); Isg indapishimonike; pn epishimoniked
471,apisidaagan,na,floor piece of canoe; pi apisidaaganag; loc apisidaaganing; dim apisidaagaans
472,apisidoon,vti2,lay something on or under s.t. for protection; Isg indapisidoon; pn episidood
476,apizideyaakwa'igan,ni,cradle board footrest; pi apizideyaakwa'iganan
477,apii,pc,"when, then, at the time"
482,apiichigi,vai,"grow up a certain extent, grow at a certain speed; pn epiichigid"
483,apiichigidaazo,vai,be angry to a certain extent; Isg indapiichigidaaz; pn epiichigidaazod
485,apiichi-giizhigad,vii,be so late in the day; pn epiichi-giizhigak
486,apiichishin,vai,lie to a certain depth; pn epiichishing
489,apiingwe'igan,ni,moccasin vamp; pi apiingwe'iganan; loc apiingwe'iganing; dim apiingwe'igaans
491,apiitagindan,vti,set a price of a certain height on s.t.; Isg indapiitagindaan; pn epiitagindang
492,apiitaginde,vii,have a price of a certain height; pn eptitagindeg; aug apiitagindemagad; pn aug epiitagindemagak
493,apiitaginzo,vai,have a price of a certain height; pn epiitaginzod
500,apiitenimo,vai,be proud of oneself; Isg indapiitenim; prt epiitenimod
504,apiizikaa,vai,"go a certain speed, go as fast as possible; Isg indapiizikaa; prt epiizikaad"
507,asabaabiiwaatig,ni,spool (for thread); pi asabaabiiwaatigoon; loc asabaabiiwaatigong; dim asabaabiiwaatigoons
513,asaawe,na,perch; pi asaaweg; dim asaawens
514,asekaan,na,"tanned hide; pi asekaanag; loc asekaaning; dim asekaanens asekaazh /asekaaN-/ vta tan s.o. (e.g., a hide); Isg indasekaanaa; prt esekaanaad"
516,asekewin,ni,tanning
518,asemaawipwaagaans,na,cigarette; pi asemaawipwaagaansag; also asemaa- opwaagaans
525,ashaweshk,ni,sword; pi ashaweshkoon; loc ashaweshkong; dim ashaweshkoons
527,ashi-bezhigo-diba'iganed,vii,be eleven o'clock; pn eshi-bezhigo-diba'iganek
531,ashi-niizho-diba'iganed,vii,"be twelve o'clock; pn eshi-niizho-diba'iganek ashi-niizhwaaso- pv4 and seven ashi-niizhwaaswi nm and seven, seventeen"
532,ashiwaa,vii,"be dull; pn eshiwaag; aug ashiwaamagad; pn aug eshiwaamagak ashi-zhaangaso-/w4 and nine ashi-zhaangaswi nm and nine, nineteen ashki- pv4 raw"
533,ashkibagaa,vii,there are green leaves; pn eshkibagaag; aug ashkibagaamagad; pn aug eshkibagaamagak ashkibagong inaande vii be leaf-green; pn ashkibagong enaandeg; aug ashkibagong inaandemagad; pn aug ashkibagong enaandemagak ashkibagong inaanzo vai be leaf-green; pn ashkibagong enaanzod
535,ashkin,vii,be raw (as meat); pn eshking
536,ashkini,vai,be raw (as meat); pn eshkinid
538,asho-wiidige,vai,"be engaged; Isg indasho-wiidige; pn esho-wiidiged asho-wiidigendiwag /asho-wiidigendi-/ vai they are engaged to each other; Ipl indasho- wiidigendimin; pn esho-wiidigendijig asigagim via add s.o. together (e.g., money); Isg indasigagimaa; pn esigagimaad"
539,asigagindan,vii,add s.t. together; Isg indasigagindaan; pn esigagindang
540,asigagindaaso,vai,"add together, total up; Isg indasigagindaas; pn esigagindaasod"
541,asigibii'igan,ni,number; pi asigibii'iganan; loc asigibii'iganing; dim asigibii'igaans
542,asigibii'ige,vai,write numbers; Isg indasigibii'ige; pn esigibii'iged
547,asigizhooniyaawe,vai,collect money as a donation; Isg indasigizhooniyaawe; pn esigizhooniyaawed
548,asigobaan,ni,processed basswood bark fiber
549,asigobaani-mazinichigan,na,doll of processed basswood bark fiber; pi asigobaani- mazinichiganag; dim asigobaani- mazinichigaans
551,asinaab,na,net sinker; pi asinaabiig; Ice asinaabiing; dim asinaabiins
553,asiniikaa,vii,"there are many rocks, there are many stones; pn esiniikaag; aug asiniikaamagad; pn aug esiniikaamagak"
560,ataagib,ni,algae; loc ataagibiing
564,atisan,vti,dye s.t.; Isg indatisaan; pn etisang; also adisan
565,atisigan,ni,dye; pi atisiganan; also adisigan
566,atisige,vai,dye things; Isg indatisige; pn etisiged; also adisige
567,atiso,vai,be ripe; pn etisod; also adiso
568,atite,vii,be ripe; pn etiteg; aug atitemagad; prt aug etitemagak; also adite
570,atoon,vti2,put s.t. in a certain place; Isg indatoon; pn etood
576,awanjish,pc,"persistently, stubbornly, even though"
577,awas,pc,go away!
578,awasagaam,pc,over across the water
579,awasajiw,pc,"beyond the mountain, over across the mountain"
580,awasayi'ii,pc,"beyond it, over across it"
581,awasaakwaa,pc,"beyond the woods, over across the woods"
582,awas-biboonong,pc,winter before last
583,awas-dagwaagong,pc,fall before last
584,awashime,pc,much more
585,awashtoyaa,na,blacksmith; pi awashtoyaag; also awishtoyaa
586,awasi-,pn,"beyond, over across"
587,awasishkode,pc,"beyond the fire, over across the fire awas-niibinong />t summer before last"
588,awasonaago,pc,day before yesterday awas-waabang/K day after tomorrow awas-ziigwanongpc spring before last
593,awi',vta,lend (s.t.) to s.o.; Isg indawi'aa; prt ewi'aad
594,awi'iwe,vai,"lend (s.t.) to people, rent (s.t.) to people; Isg indawi'iwe; prt ewi'iwed awiya pr somebody animate indefinite;, anybody animate indefinite; also awiiya aya'aapr a being, someone, I don't remember who"
598,ayaangodinong,pc,"sometimes, occasionally; also aangodinong"
602,ayeko',vta,make s.o. tired; Isg indayeko'aa; prt eyeko'aad
604,ayekwamanji'o,vai,"feel tired; Isg indayekwamanji'; prt eyekwamanji'od ayi'ii pr thing, something, I don't remember what ayindan= < dan= ayindap= < dap= ayindas= < das= ayindash= < dash= ayindazh= < dazh= ayindaa= < daa= ayindood= < dood="
609,azhashkiiwizide,vai,have muddy feet; Isg indazhashkiiwizide; prt ezhashkiiwizided azhe- pv4 go back azhebidoon vli2 pull s.t. back; Isg indazhebidoon; prt ezhebidood azhebizh /azhebiN-/ vta pull s.o. back; Isg indazhebinaa; prt ezhebinaad
611,azheboyaanaak,ni,oar; pi azheboyaanaakoon; loc azheboyaanaakong; dim azheboyaanaakoons
612,azheboye,vai,row (a boat); Isg indazheboye; pn ezheboyed
615,azhe'o,vai,paddle backwards; Isg indazhe'; prt ezhe'od
618,azhenamaage,vai,"return (s.t.) to people; Isg indazhenamaage; prt ezhenamaaged azhenan mi return s.t., take s.t. back, hand s.t. back; Isg indazhenaan; prt ezhenang"
619,azheshkaa,vai,go backwards; Isg indazheshkaa; pn ezheshkaad
620,azhetaa,vai,"go backwards, back up; Isg indazhetaa; pn ezhetaad"
622,azhigwa,pc,"now, at this time, already, then; also zhigwa, zhigo"
625,aaba'amaw,vta,"undo (s.t.) for s.o., untie (s.t.) for s.o.; Isg indaaba'amawaa; pn ayaaba'amawaad"
626,aaba'an,vti,"undo s.t., untie s.t.; Isg indaaba'aan; prt ayaaba'ang"
627,aaba'igaade,vii,"be undone, be untied; pn ayaaba'igaadeg; aug aaba'igaademagad; prt aug ayaaba'igaademagak"
628,aaba'igaazo,vai,"be undone, be untied; pn ayaaba'igaazod"
629,aaba'oodoo,vai,untie wild rice; Isg indaaba'oodoo; prt ayaaba'oodood
630,aaba'oodoon,vti2,untie s.t.; Isg indaaba'oodoon; prt ayaaba'oodood
632,aabaji',vta,use s.o.; Isg indaabaji'aa; prt ayaabaji'aad
633,aabajitoon,vti2,use s.t.; Isg indaabajitoon; prt ayaabajitood aabanaabam via turn and look back at s.o.; Isg indaabanaabamaa; prt ayaabanaabamaad
636,aabaabika'an,vti,unlock s.t.; Isg indaabaabika'aan; prt ayaabaabika'ang
637,aabaabika'igan,ni,key; pi aabaabika'iganan; loc aabaabika'iganing; dim aabaabika'igaans
638,aabaabika'igaade,vii,"be unlocked; prt ayaabaabika'igaadeg; aug aabaabika'igaademagad; prt aug ayaabaabika'igaademagak aabaabiigin ma unwind s.o. (as something string- like), unravel s.o. (as something string-like); Isg indaabaabiiginaa; pn ayaabaabiiginaad"
640,aabaakawad,vii,"revive, clear off after a storm; prt ayaabaakawak aabaakawi' via revive s.o.; Isg indaabaakawi'aa; pn ayaabaakawi'aad"
644,aabiding,pc,"once, at one time aabiji- pv4 continually"
645,aabijiibaa,vai,"revive, come alive; Isg indaabijiibaa; prt ayaabijiibaad"
648,aabiskose,vai,"come undone, unravel; pn ayaabiskosed"
650,aabiskwegin,vta,unfold s.o. (as something sheet- like); Isg indaabiskweginaa; prt ayaabiskweginaad
652,aabita,pc,half aabita- pv4 half
654,aabitawayi'ii,pc,halfway along it
657,aabita-zhooniyaans,na,nickel (coin); pi aabita- zhooniyaansag
659,aabitoobadoon,vti2,fill s.t. half full (of liquid); Isg indaabitoobadoon; prt ayaabitoobadood aabitoobazh /aabitoobaN-/ vta fill s.o. half full (of liquid); Isg indaabitoobanaa; prt ayaabitoobanaad
660,aabitoobii,vai,behalf full (of liquid) ;pn ayaabitoobiid aabitoobii tmbe half full (of liquid) j pn ayaabitoobiig; aug aabitoobiimagad; prt aug ayaabitoobiimagak
662,aabitooshkin,pc,half a bag
663,aabitooshkinadoon,vti2,fill s.t. half full; Isg indaabitooshkinadoon; prt ayaabitooshkinadood
664,aabitooshkina',vta,fill s.o. half full (of solids); Isg indaabitooshkina'aa; pn ayaabitooshkina'aad
666,aabitooshkine,vii,be half full (of solids); pn ayaabitooshkineg; aug aabitooshkinemagad; pn aug ayaabitooshkinemagak
669,aabooztkan,vti,wear s.t. inside out; Isg indaaboozikaan; pn ayaaboozikang
671,aaboozikaa,vai,turn inside out; pn ayaaboozikaad
673,aadawa'am,vta,go with s.o. in a boat; Isg indaadawa'amaa; prt ayaadawa'amaad
677,aadizookewinini,na,storyteller; pi aadizookewininiwag
681,aagawe,vai,go out of sight (as around a corner); Isg indaagawe; pn egaagawed
684,aagimose,vai,"snowshoe; Isg indaagimose; prt ayaagimosed aagonwetam vai2 deny, contradict; Isg indaagonwetmm; pn ayaagonwetang"
685,aagonwetan,vti,"deny s.t., contradict s.t., not believe s.t. said; Isg indaagonwetaan; pn ayaagonwetang"
687,aagonweyenim,vta,disbelieve s.o.; Isg indaagonweyenimaa; pn ayaagonweyenimaad
689,aajikode,vii,be notched; pn ayaajikodeg; aug aajikodemagad; pn aug ayaajikodemagak
691,aajiningwa'on,m,crutch; pi aajiningwa'onan; loc aajiningwa'oriing; dim aajiningwa'onens
692,aajisag,pc,in the next room
696,aakoziwinikaa,vii,there is much sickness; pn ayaakoziwinikaag; aug aakoziwinikaamagad; pn aug ayaakoziwinikaamagak
699,aakoziiwendaagozi,vai,be considered sickly; pn ayaakoziiwendaagozid
701,aakoziiwtgamig,ni,hospital; pi aakoziiwigamigoon; loc aakoziiwigamigong; dim aakoziiwigamigoons
705,aamoo-wadiswan,ni,"beehive, wasp nest; pi aamoo-wadiswanan; loc aamoo-wadiswaning"
708,aanapii,pc,"when? interrogative; also aanapiish, aaniin apii, aaniin iw apii"
709,aanapiish,pc,"when? interrogative; also aanapii, aaniin apii, aaniin iw apii"
716,aanawi,pc,"anyhow, although, despite, but"
718,aandagim,vta,count s.o. over; Isg indaandagimaa; pn ayaandagimaad
719,aandagindan,vti,c count s.t. over; Isg indaandagindaan; pn ayaandaginang
720,aandaginzo,vai,count over; Isg indaandaginz; pn ayaandaginzod
727,aandi,pc,"where? interrogative; also aandish, aaniindi"
728,aangodinong,pc,"sometimes, occasionally; also aaningodinong"
733,aanikanootaagozi,vai,be interpreted; Isg indaanikanootaagoz; pn ayaanikanootaagozid
734,aanikegamaa,vii,be a chain of lakes; prt ayaanikegamaag; aug aanikegamaamagad; pn aug ayaanikegamaamagak
735,aanike-ogimaa,na,"someone next in succession to the leader (e.g., a vice president); pi aanike- ogimaag; dim aanike-ogimaans"
736,aanikeshkaw,vta,"stand in place of s.o., follow in s.o.'s steps, be next to s.o.; Isg indaanikeshkawaa; prt ayaanikeshkawaad aanikeshkodaadiwag /aanikeshkodaadi-/ vai they are next to each other; Ipl indaanikeshkodaadimin; prt ayaanikeshkodaadijig"
740,aanikoosidoon,vti2,lay s.t. joining something else; Isg indaanikoosidoon; prt ayaanikoosidood
742,aanimad,vii,"wind blows wildly, be a disturbance, be danger; pn ayaanimak aanimendam vai2 suffer mentally, suffer emotionally; Isg indaanimendam; prt ayaanimendang"
743,aanimi',vta,"abuse s.o., make s.o. suffer, cause s.o. trouble; Isg indaanimi'aa; prt ayaanimi'aad"
744,aanimim,vta,reprimand s.o.; Isg inaanimimaa; prt ayaanimimaad
745,aanimitoon,vti2,abuse s.t.; Isg indaanimitoon; prt ayaanimitood
747,aanind,pc,some
748,aanish,pc,"well, well then"
749,aanishim,vta,"discourage s.o.; Isg indaanishimaa; prt ayaanishimaad aanizhiitam vai2 change one's mind, quit working, decide against, give up; Isg indaanizhiitam; pn ayaanizhiitang"
750,aaniin,pc,"how?, why?, in what way? interrogative"
751,aaniin,pc,"hello!, greetings! aaniin apii pc when? interrogative', also aanapii, aanapiish, aaniin iw apii, aaniinwapii aaniin dash pc why? interrogative"
752,aaniindi,pc,"where? interrogative; oho aandi aaniin iwapii pc when? interrogative; also aanapii, aanapiish, aaniin apii aaniin minikpc how many?, how much? interrogative aaniin danaa p well how?, well why?, why not? t"
753,aaniish,pc,"how?, why?, in what way? interrogative, well now, you see aaniish apii pc when? interrogative; also anapii, aanin apii, aanapiish, aaniin iw apii aaniish naapc well now, you see aanji- pv4 change"
754,aanji-bimaadizi,vai,change one's life; Isg indaanji- bimaadiz; prt ayaanji-bimaadizid
755,aanjibii'an,vti,write s.t. over; Isg indaanjibii'aan; pn ayaanjibii'ang
756,aanji-gozi,vai,move to a new residence; Isg indaanji-goz; prt ayaanji-gozid
757,aanji',vta,"change s.o., make s.o. over; Isg indaanji'aa; prt ayaanji'aad"
758,aanjitoon,vti2,"change s.t., make s.t. over; Isg indaanjitoon; prt ayaanjitood aano- pvl in vain, without result"
762,aanzikonaye',vta,change s.o.'s clothes; Isg indaanzikonaye'aa; prt ayaanzikonaye'aad
763,aanzinaago',vta,"change s.o.'s appearance, transform s.o.; Isg indaanzinaago'aa; pn ayaanzinaago'aad"
764,aanzinaago'idizo,vai,"change one's own appear- ance, transform oneself; Isg indaanzinaago'idiz; prt ayaanzinaago'idizod"
765,aanzinaagotoon,vti2,"change s.t.'s appearance, transform s.t.; Isg indaanzinaagotoon; pn ayaanzinaagotood"
767,aanzinaagwad,vii,look changed; prt ayaanzinaagwak
769,aapidaanagidoon,vai,"talk without stopping; Isg indaapidaanagidoon; pn ayaapidaanagidoong aapidegpc without a doubt, certainly"
771,aapiji,pc,"very, quite"
772,aapijibatoo,vai,run away for good; Isg indaapijibatoo; prt ayaapijibatood aapijinazh /aapijinaN-/ vta finally and completely kills.o.; Isg indaapijinanaa; prt ayaapijinanaad
776,aapiji-wiidige-mazina'igan,ni,marriage license; pi aapiji-wiidige-mazina'iganan
777,aas,ni,legging; pi aasan
780,aasodoodooshimebizon,ni,brassiere; pi aasodoodooshimebizonan; loc aasodoodooshimebizoning; dim aasodoodooshimebizonens
781,aatayaa,pc,man's expression of mild displeasure or disdain; also taayaa
782,aate,vii,"be extinguished; pn ayaateg; aug aatemagad; prt aug ayaatemagak aatebidoon vri2 turn s.t. out (e.g., stove or lamp); Isg indaatebidoon; prt ayaatebidood aatebizh /aatebiN-/ vta put out a fire on s.o. with hands; Isg indaatebinaa; prt ayaatebinaad"
783,aatebii,vai,"sober up; Isg indaatebii; prt ayaatebiid aate'an TO put s.t. out (e.g., fire or light), extinguish s.t.; Isg indaate'aan; pn ayaate'ang"
784,aate'igan,ni,fire extinguisher; pi aate'iganan; loc aate'iganing; dim aate'igaans
785,aate'ishkodawewidaabaan,na,fire truck; toe aate'ishkodawewidaabaaning; dim aate'ishkodawewidaabaanens
786,aate'ishkodawewinini,na,fireman; pi aate'ishkodawewininiwag; dim aate'ishkodawewininiins
787,aatenaagozi,vai,"appear to be extinguished (e.g., the moon or sun in an eclipse); prt ayaatenaagozid"
788,aatewebinan,vti,"put s.t. out quickly (e.g., fire or light); Isg indaatewebinaan; prt ayaatewebinang"
789,aateyaabikishin,vai,be darkened (e.g. the moon or sun in an eclipse); prt ayaateyaabikishing
792,aatwaakosidoon,vti2,lean s.t. against (as something stick- or wood-like); Isg indaatwaakosidoon; prt ayaatwaakosidood
797,aawadaasoowidaabaan,na,truck; pi aawadaasoowidaabaanag; loc aawadaasoowidaabaaning; dim aawadaasoowidaabaanens
798,aawadoon,vti2,haul s.t.; Isg indaawadoon; prt ayaawadood
799,aawajimine,vai,haul wild rice; Isg indaawajimine; prt ayaawajimined
800,aawajinigaadan,vti,haul s.t. on one's shoulder; Isg indaawajinigaadaan; prt ayaawajinigaadang aawajinigaazh /aawajinigaaN-/ vta haul s.o. on one's shoulder; Isg indaawajinigaanaa; prt ayaawajinigaanaad
804,aawazhiwewidaabaan,na,van; pi aawazhiwewidaabaanag; loc aawazhiwewidaabaaning; dim aawazhiwewidaabaanens aawekaazh /aawekaaN-/ vta recognize s.o.; Isg indaawekaanaa; pn ayaawekaanaad
805,aawenan,vti,"recognize s.t. by sight, identify s.t. by sight; Isg indaawenaan; pn ayaawenang"
808,aawenim,vta,"recognize s.o., identify s.o.; Isg indaawenimaa; pn ayaawenimaad"
809,aawetan,vti,"recognize s.t. by sound, identify s.t. by sound; Isg indaawetaan; prt ayaawetang"
810,aawetaw,vta,"recognize s.o. by sound, identify s.o. by sound; Isg indaawetawaa; prt ayaawetawaad"
812,aayaapii,pc,every once in a while
815,aazhawa'o,vai,go across by boat; Isg indaazhawa'; prt ayaazhawa'od; also aazhawa'am
816,aazhawa'oodoon,vti2,"take s.t. across by boat, ferry s.t. across; Isg indaazhawa'oodoon; pn ayaazhawa'oodood aazhawa'oozh /aazhawa'ooN-/ vta take s.o. across by boat, ferry s.o. across; Isg indaazhawa'oonaa; prt ayaazhawa'oonaad"
817,aazhawayi'ii,pc,on the other side of it
818,aazhawaadagaa,vai,swim across; Isg indaazhawaadagaa; pn ayaazhawaadagaad
821,aazhawaakosidoon,vti2,lay s.t. across (as something stick- or wood-like); Isg indaazhawaakosidoon; pn ayaazhawaakosidood
823,aazhawaandawaagan,ni,foot bridge; pi aazhawaandawaaganan; loc aazhawaandawaaganing; dim aazhawaandawaagaans
827,aazhibik,ni,"rock cliff; pi aazhibikoon; loc aazhibikong; dim aazhibikoons aazhidem ma talk back to s.o., answer back to s.o.; Isg indaazhidemaa; prt ayaazhidemaad"
835,aazhigijisidoon,vti2,"lay s.t. over backwards, lay s.t. face up; Isg indaazhigijisidoon; prt ayaazhigijisidood"
841,aazhogedaabipiwe,vai,drive across; Isg indaazhogedaabii'iwe; prt ayaazhogedaabii'iwed
842,aazhogewidoon,vti2,"carry s.t. across, take s.t. across; Isg indaazhogewidoon; prt ayaazhogewidood aazhogewizh /aazhogewiN-/ vta carry s.o. across, take s.o. across; Isg indaazhogewinaa; prt ayaazhogewinaad aazhooba'idiwag /aazhooba'idi-/ vai they run across together; Ipl indaazhooba'idimin; prt ayaazhooba'idijig"
843,aazhoobatoo,vai,run across; Isg indaazhoobatoo; prt ayaazhoobatood; also aazhawibatoo aazhoodamon /aazhoodamo-/ vii go across (as a road or trail); prt ayaazhoodamog
844,aazhoodaabii'iwe,vai,drive across; Isg indaazhoodaabii'iwe; prt ayaazhoodaabii'iwed
845,aazhoogaadebi,vai,sit with legs crossed; Isg indaazhoogaadeb; prt ayaazhoogaadebid
847,aazhooningwa'an,vti,wear s.t. across the shoulder; Isg indaazhooningwa'aan; prt ayaazhooningwa'ang
848,aazhooningwa'igan,na,bandolier bag; pi aazhooningwa'iganag; dim aazhooningwa'igaans; also aazhooningwa'on; the usual Mitte Lacs term is gashkibidaagan
852,babagiwayaanegamigwegin,ni,canvas; pi babagiwayaanegamigweginoon
853,babagiwayaanekizin,ni,"tennis shoe, canvas shoe; pi babagiwayaanekizinan; loc babagiwayaanekizining; dim babagiwayaanekizinens; also bagiwayaanekizin"
856,babaamadaawe,vai,"go about trading, be a peddler; Isg imbabaamadaawe; prt bebaamadaawed"
857,babaamadaawewinini,na,peddler; pi babaamadaawewininiwag; also babaamadaawaagewinini
862,babaamaada'e,vai,skate about; Isg imbabaamaada'e; prt bebaamaada'ed
865,babaamaajimoo-irnazina'igan,ni,newspaper; pi babaamaajimoo-mazina'iganan; loc babaamaajimoo-mazina'iganing; dim babaamaajimoo-mazina'igaans
874,babaamidaabii'iwe,vai,drive about; Isg imbabaamidaabii'iwe; prt bebaamidaabii'iwed
876,babaaminizha'an,vti,chase s.t. about; Isg imbabaaminizha'aan; prt bebaaminizha'ang
877,babaaminizha'ige,vai,chase things about; Isg imbabaaminizha'ige; prt bebaaminizha'iged
889,babiigomakakii,na,toad; pi babiigomakaktig; dim babiigomakakiins babiikw= < bikw=
892,badagoshkan,vti,"cover s.t. with body, lie protectively on s.t.; Isg imbadagoshkaan; pn bedagoshkang"
893,badagoshkaw,vta,"cover s.o. with body, lie protec- tively on s.o.; Isg imbadagoshkawaa; prt bedagoshkawaad badagwana' /badagwana'w-/ vta cover s.o.; Isg imbadagwana'waa; prt bedagwana'waad"
894,badagwana'an,vti,cover s.t.; Isg imbadagwana'aan; prt bedagwana'ang
895,badagwana'igaade,vii,be covered; pn bedagwana'igaadeg; aug badagwana'igaademagad; prt aug bedagwana'igaademagak
896,badagwana'igaazo,vai,be covered; pn bedagwana'igaazod
897,badagwana'ige,vai,cover things; Isg imbadagwana'ige; prt bedagwana'iged
899,badaka'an,vti,"stick something in s.t., prick s.t., spear s.t., use a fork on s.t.; Isg imbadaka'aan; prt bedaka'ang"
900,badaka'igan,ni,fork; pi badaka'iganan; loc badaka'iganing; dim badaka'igaans
901,badaka'ige,vai,"stick something in things, prick things, spear; hg imbadaka'ige; pn bedaka'iged"
902,badakijin,vai,get pricked; Isg imbadakijin; pn bedakijing
903,badakibine'o,vai,"stick a feather in one's hair or hat; Isg imbadakibine'; pn bedakibine'od badakide vn stand up from a surface, be planted in; pn bedakideg; aug badakidemagad; pn aug bedakidemagak badakidoon vli2 stick s.t. in, plant s.t.; hg imbadakidoon; pn bedakidood"
904,badakise,vai,stick in a surface; pn bedakised
907,badakisidoon,vti2,"stick s.t. in, set s.t. in the ground; Isg imbadakisidoon; pn bedakisidood"
910,bagakaabandan,vti,see s.t. clearly; Isg imbagakaabandaan; pn begakaabandang
912,bagamaadagaa,vai,arrive swimming; Isg imbagamaadagaa; pn begamaadagaad
920,bagami-ayaa,vii,"arrive, come to be, come to pass; pn begami-ayaag; aug bagami-ayaamagad; pn aug begami-ayaamagak bagamiba'idiwag /bagamiba'idi-/ vai they arrive on the run together; Ipl imbagamiba'idimin; pn begamiba'idijig"
921,bagamiba'iwe,vai,arrive fleeing from people; Isg imbagamiba'iwe; pn begamiba'iwed
926,bagamidaabii'iwe,vai,arrive driving; Isg imbagamidaabii'iwe; pn begamidaabii'iwed
929,bagamise,vii,arrive flying; pn begamiseg; aug bagamisemagad; pn aug begamisemagak
930,bagamishkaa,vai,"arrive paddling, arrive by boat; Isg imbagamishkaa; pn begamishkaad"
931,bagamiwidoon,vti2,arrive carrying s.t.; Isg imbagamiwidoon; pn begamcwidood bagamiwizh /bagamiwiN-/ vta arrive carrying s.o.; Isg imbagamiwinaa; pn begamiwinaad
933,bagamoode,vai,arrive crawling; Isg imbagamoode; pn begamooded
941,bagesaaniminagaawanzh,na,plum bush; pi bagesaaniminagaawanzhiig; loc bagesaaniminagaawanzhiing; dim bagesaaniminagaawanzhiins
943,bagida'waa,vai,"fish with a net, set a net; Isg imbagida'waa; pn begida'waad"
949,bagidenirn,vta,"release s.o. from one's mind, bury s.o., complete mourning for s.o.; Isg imbagidenimaa; pn begidenimaad"
950,bagidenjigaazo,vai,be buried; pn begidenjigaazod
951,bagidenjige,vai,"release things from one's mind, hold a funeral; Isg imbagidenjige; pn begidenjiged"
960,imbagidoomaa,pn,begidoomaad
967,bagiwayaan,ni,"shirt, piece of cloth; pi bagiwayaanan; he bagiwayaaning; dim bagiwayaanens; also babagiwayaan"
968,bagiwayaanegamig,ni,tent; pi bagiwayaanegamigoon; loc bagiwayaanegamigong; dim bagiwayaanegamigoons; also babagiwayaanegamig
969,bagiwayaaneshkimod,ni,cloth bag; pi bagiwayaaneshkimodan; loc bagiwayaaneshkimodaang; dim bagiwayaaneshkimodens
970,bagiwayaanish,ni,"cloth, rag; pi bagiwayaanishan; loc bagiwayaanishing; dim bagiwayaanishens; also babagiwayaanish"
974,bagone'an,vti,"drill s.t., make a hole in s.t. using something; Isg imbagone'aan; pn begone'ang"
975,bagone'igan,ni,drill; pi bagone'iganan; loc bagone'iganing; dim bagone'igaans
977,bagonezi,vai,"have a hole; pn begonezid bagosendam vai2 wish, hope; Isg imbagosendam; pn begosendang"
982,bagwa'amaw,vta,patch (s.t.) for s.o.; Isg imbagwa'amawaa; pn begwa'amawaad
983,bagwa'an,vti,patch s.t.; Isg imbagwa'aan; prt begwa'ang
984,bagwa'igan,ni,patch; pi bagwa'iganan; loc bagwa'iganing; dim bagwa'igaans
985,bagwa'igaade,vii,be patched; pn begwa'igaadeg; aug bagwa'igaademagad; prt aug begwa'igaademagak
986,bagwa'igaazo,vai,"be patched, wear patches; prt begwa'igaazod"
987,bagwa'ige,vai,patch things; Isg imbagwa'ige; pn begwaMged
988,bagwaj,pc,in the wilderness bagwaji- pv4 wild bagwajipin iia wild potato; pi bagwajipiniig; loc bagwajipiniing; dim bagwajipiniins; also bagwaji-opin
989,bagwana,pc,"at random, anyhow"
990,bagwanawizi,vai,"be ignorant, be dumb; Isg imbagwanawiz; pn begwanawizid"
994,bajiishka'ogaan,ni,"tipi, lodge with pointed top; pi bajiishka'ogaanan; loc bajiishka'ogaaning; dim bajiishka'ogaanens bajiishka'ogaan (tipi, lodge with pointed top)"
996,bajiishkizi,vai,be pointed; pn bejiishkizid
998,bakadekaazo,vai,pretend to be hungry; Isg imbakadekaaz; pn bekadekaazod
1001,bakazhaawe,vai,clean a fish; Isg imbakazhaawe; pn bekazhaawed
1003,bakaan,pc,different
1012,bakekazhiwe,vai,bypass people; Isg imbakekazhiwe; prt bekekazhiwed bakemon /bakemo-/ vii go off to the side (as a road or trail); prt bekemog
1014,bakibidoon,vti2,"snap s.t. off (e.g., something string-like), break s.t. off (e.g., something string-like); Isg imbakibidoon; pn bekibidood bakibizh /bakibiN-/ vta snap s.o. off (e.g., something string-like), break s.o. off (e.g., something string-like); Isg imbakibinaa; pn bekibinaad"
1015,baktboode,vii,"break apart from rubbing (e.g., something string-like); pn bekiboodeg; aug bakiboodemagad; pn aug bekiboodemagak"
1023,bakite'ibii'igan,m,typewriter; pi bakite'ibii'iganan; loc bakite'ibii'iganing; dim bakite'ibii'igaans
1024,bakite'igan,ni,hammer; pi bakite'iganan; loc bakite'iganing; dim bakite'igaans; also bakite'igaans
1025,bakite'iganaak,ni,hammer handle; pi bakite*iganaakoon; Joe bakite'iganaakong; dim bakite'iganaakoons
1026,bakite'igaade,vii,"be hit, be struck; pn bekite'igaadeg; aug bakite'igaademagad; prt aug bekite'igaademagak"
1027,bakite'igaans,ni,hand hammer; pi bakite'igaansan
1028,bakite'igaazo,vai,"be hit, be struck; pn bekite'igaazod"
1029,bakite'ige,vai,"hit things, strike things; Isg imbakite'ige; prt bekite'iged bakite'odiwag /bakite'odi-/ vai they hit each other, they strike each other; Ipl imbakite'odimin; pn bekite'odijig"
1030,bakitejii'iganaak,ni,baseball bat; pi bakitejii'iganaakoon; loc bakitejii'iganaakong; dim bakitejii'iganaakoons
1031,bakitejii'ige,vai,play baseball; isg imbakitejii'ige; pn bekitejii'iged
1032,bakitejii'igewinini,na,baseball player; pi bakitejii'igewiriiniwag
1033,bakiteshin,vai,fall down hard; Isg imbakiteshin; pn bekiteshing
1034,bakiteshka'ige,vai,"thresh field crops; Isg imbakiteshka'ige; pn bekiteshka'iged bakizh /bakizhw-/ vta snip s.o. off (e.g., something string-like); Isg imbakizhwaa; pn bekizhwaad"
1047,bakwega'an,vti,chop a piece off s.t. (as something of wood); Isg imbakwega'aan; pn bekwega'ang
1048,bakwe',vta,take a piece off s.o. using something; Isg imbakwe'aa.; pn bekwe'aad
1049,bakwe'an,vti,take a piece off s.t. using something; Isg imbakwe'aan; pn bekwe'ang
1054,bakwene,vti,"smoke, be smoky; pn bekweneg; aug bakwenemagad; pn aug bekwenemagak"
1055,bakwenibii,vai,choke while drinking; Isg imbakwenibii; pn bekwenibiid
1066,bakwezhigani-makak,ni,"flour box, bread box; pi bakwezhigani-makakoon; loc bakwezhigani- makakong; dim bakwezhigani-makakoons"
1070,bami',vta,"support s.o., adopt s.o.; Isg imbami'aa; pn bemi'aad"
1071,bami'aagan,na,"supported one, adopted one; pi bami'aaganag; dim bami'aagaans"
1072,bami'aagaans,na,pet; pi bami'aagaansag
1073,bamoozhe,vai,"take care of a child, baby-sit; Isg imbamoozhe; pn bemoozhed bana' /bana'w-/ vta miss s.o. using something; Isg imbana'waa; pn bena'waad"
1074,bana'an,vti,miss s.t. using something; Isg imbana'aan; pn bena'ang
1077,banaadendan,vti,"despair of s.t., lose hope in s.t.; Isg imbanaadendaan; prt benaadendang"
1080,banaajibidoon,vti2,"damage s.t. with hands; Isg imbanaajibidoon; pn benaajibidood banaajibrzh /banaajibiN-/ vta damage s.o. with hands; Isg imbanaajibinaa; pn benaajibinaad banaaji* vta spoil s.o., damage s.o.; Isg imbanaaji'aa; prt benaaji'aad"
1081,banaajishin,vai,spoil; Isg imbanaajishin; pn benaajishing
1082,banaajisin,vii,spoil; pn benaajising
1083,banaajitoon,vti2,"spoil s.t., damage s.t.; Isg imbanaajitoon; pn benaajitood"
1084,bande,vii,be singed; prt bendeg; aug bandemagad; pn aug bendemagak
1090,bangisidoon,vti2,drop s.t.; Isg imbangisidoon; pn bengisidood
1092,bangii,pc,"a little, a little bit, few"
1093,bangiishenh,pc,"a very little bit, just a little"
1094,bangiishenhwagad,vii,"be a very little bit, be very few; pn bengiishenhwagak"
1095,bangiishenhwagizi,vai,"be a very little bit, be very few; prt bengiishenhwagizid"
1096,bangiiwagad,vii,"be a little bit, be few; pn bengiiwagak"
1097,bangiiwagizi,vai,"be a little bit, be few; pn bengiiwagizid"
1105,banzo,vai,be singed; Isg imbanz; pn benzod banzo /banzw-/ vta singe s.o.; Isg imbanzwaa; pn benzwaad bapagone= < bagone= bapagw= < bagw= bapajiishk= < bajiishk= bapak= < bak= bapakine no grasshopper; pi bapakineg; dim bapakinens bapakite= < bakite= bapakwe= < bakwe- bapakwaanaajiinh iia bat; pi bapakwaanaajiinyag; also apakwaanaajiinh bapan= < ban= bapang= < bang= bapasa < bas= bapasangw= < basangw= bapashanzhe= < bashanzhe= bapashkw= < bashkw= bapasidiye' /bapasidiye'w-/ vta spank s.o.; Isg imbapasidiye'waa; prt bepasidiye'waad
1107,bapasininjii'odizo,vai,clap one's hands; Isg imbapasininjii'odiz; pn bepasininjii'odizod bapaw= < baw=
1110,basangwaabapijigan,ni,blindfold; pi basangwaabapijiganan; loc basangwaabapijiganing; dim basangwaabapijigaans basangwaabapizh /basangwaabapiN-/ vta blindfold s.o.; 7s£ imbasangwaabapinaa; pn besangwaabapinaad
1111,basangwaabapizo,vai,be blindfolded; Isg imbasangwaabapiz; prt besangwaabapizod
1113,bashanzhe'igan,ni,"whip; pi bashanzhe'iganan; loc bashanzhe'iganing; dim bashanzhe'igaans bashanzhe'ige wazwhip; 75^imbashanzhe'ige;/>r£ beshanzhe'iged bashkobizh /bashkobiN-/ vta pluck s.o. (e.g., a bird); Isg imbashkobinaa; prt beshkobinaad"
1114,bashkwanige,vai,be toothless; Isg imbashkwanige; pn beshkwaniged
1115,bashkwashkibidoon,vti2,"pluck s.t. (as a plant), weed s.t.; Isg imbashkwashkibidoon; pn beshkwashkibidood"
1116,bashkwashkibijige,vai,weed things; Isg imbashkwashkibijige; pn beshkwashkibijiged
1119,bashkweginowayaan,ni,leather; pi bashkweginowayaanan
1126,bawa'iganaak,na,rice knocker (stick for wild rice harvesting); pi bawa'iganaakoog; loc bawa'iganaakong; dim bawa'iganaakoons bawa'iganaakoog (rice knockers)
1127,bawa'iminagaawanzh,na,pincherry bush; pi bawa'iminagaawanzhiig; loc bawa'iminagaawanzhiing; dim bawa'iminagaawanzhiins bawa'iminaan ra pincherry; pi bawa'iminaanan
1129,bawaagone'an,vti,brush snow off s.t. using something; Isg iimbawaagone'aan; pn bewaagone'ang
1130,bawaagonen,vta,brush snow off s.o. by hand; Isg imbawaagonenaa; pn bewaagonenaad
1131,bawaagonenan,vti,brush snow off s.t. by hand; Isg imbawaagoneriaan; pn bewaagonenang
1133,bawega'an,vti,brush s.t. using something (as something sheet-like); Isg imbawega'aan; pn bewega'ang
1134,bawegin,vta,shake s.o. out (as something sheet- like); Isg imbaweginaa; pn beweginaad
1135,baweginan,vti,shake s.t. out (as something sheet- like); Isg imbaweginaan; pn beweginang
1136,bawin,vta,shake s.o..; Isg imbawinaa; pn bewinaad
1137,bawinan,vti,shake s.t.; Isg imbawinaan; pn bewinang
1138,bazagokadoon,vti2,glue s.t.; Isg imbazagokadoon; pn bezagokadood bazagokazh /bazagokaN-/ vta glue s.o.; Isg imbazagokanaa; pn bezagokanaad
1139,bazagoke,vai,"stick, adhere; prt bezagoked"
1140,bazagoke,vii,"stick, adhere; pn bezagokeg; aug bazagokemagad; pn aug bezagokemagak"
1143,bazhiba'an,vti,stab s.t.; Isg imbazhiba'aan; pn bezhiba'ang
1144,bazhiba'ige,vai,spear things; Isg imbazhiba'ige; pn bezhiba'iged
1145,bazhidebii,vii,overflow (as a liquid); pn bezhidebiig; aug bazhidebiimagad; pn aug bezhidebiimagak
1146,bazigonjise,vai,stand up suddenly; Isg imbazigonjise; pn bezigonjised
1148,bazikwa'o,vai,take off into the air; Isg imbazikwa'; pn bezikwa'od baa- pv2 about a place (locally distributed) baabii* vta keep waiting for s.o.; Isg imbaabii'aa; pn bayaabii'aad
1149,baabii'o,vai,keep waiting; Isg imbaabii'; pn bayaabii'od
1150,baabiitoon,vti2,keep waiting for s.t.; Isg imbaabiitoon; pn bayaabiitood baaboonaw= < bwaanaw=
1151,baaga'adowaan,ni,lacrosse stick; pi baaga'adowaanan
1152,baaga'adowe,vai,play lacrosse; Isg imbaaga'adowe; pn bayaaga'adowed
1153,baaga'akokwaan,ni,drumstick for hand drum; pi baaga'akokwaanan; dim baaga'akokwaanens
1154,baaga'akokwe,vai,pound on drum; Isg imbaaga'akokwe; pn bayaaga'akokwed
1156,baagijigaade,vii,be struck by lightning; pn bayaagijigaadeg; aug baagijigaademagad; pn aug bayaagijigaademagak
1166,baaka'aakwenh,na,chicken; pi baaka'aakwenyag; dim baaka'aakwens
1167,baaka'aakwenhwaaboo,ni,chicken soup; loc baaka'aakwenhwaaboong
1168,baaka'aakwenhwigamig,ni,chicken coop; pi baaka'aakwenhwigamigoon; loc baaka'aakwenhwigamigong; dim baaka'aakwenhwigamigoons
1171,baakaakonigaade,vti,"be opened (as something stick- or wood-like, e.g., a door); prt bayaakaakonigaadeg; aug baakaakonigaademagad; prt aug bayaakaakonigaademagak"
1174,baakaakowebinan,vti,"fling s.t. open (as something stick- or wood-like, e.g., a door); Isg imbaakaakowebinaan; prt bayaakaakowebinang"
1176,baakibii'an,vii,ice clears off the lake; prt bayaakibii'ang
1181,baakise,vai,"come uncovered, come open, fly open; prt bayaakised"
1185,baakoshim,vta,leave s.o. uncovered; Isg imbaakoshimaa; prt bayaakoshimaad
1186,baakosidoon,vti2,leave s.t. uncovered; Isg imbaakosidoon; prt bayaakosidood
1187,baamaa,pc,later; also baanimaa
1188,baamaapii,pc,"later, after a while; also baanimaa apii, baanimaapii baanimaa pi later, after a while; also baamaa baanimaa apii pc later, after a while; also baanimaapii, baamaapii"
1192,baapagishkaa,vii,"tremble, shake; pn bayaapagishkaag; aug baapagishkaamagad; prt aug bayaapagishkaamagak baapaagaakwa* /baapaagaakwa'w-/ vta knock on s.o. (as something stick- or wood-like); Isg imbaapaagaakwa'waa; pn bayaapaagaakwa'waad"
1193,baapaagaakwa'an,vti,"knock on s.t. (as something stick- or wood-like, e.g., a door); Isg imbaapaagaakwa'aan; prt bayaapaagaakwa'ang"
1194,baapaagaakwa'ige,vai,"knock on things (as some- thing stick- or wood-like, e.g., a door); Isg imbaapaagaakwa'ige; pn bayaapaagaakwa'iged"
1196,baapaagokozhiwewigamig,ni,"barber shop, hair- dressing salon; pi baapaagokozhiwewigamigoon; loc baapaagokozhiwewigamtgong"
1197,baapaagokozhiwewikwe,na,hairdresser (female); pi baapaagokozhiwewikweg
1198,baapaagokozhiwewinini,na,"barber, hairdresser (male); pi baapaagokozhiwewininiwag"
1199,baapaagokozo,vai,get a haircut; Isg imbaapaagokoz; pn bayaapaagokozod baapaas= < baas=
1201,baapaashkizige-gtizhigad,vii,be the Fourth of July; prt bayaapaashkizige-giizhigak
1202,baapaashkizige-giizis,na,July baapaaw= < baw=
1204,baapaawinan,vti,hold and shake s.t. out; Isg imbaapaawinaan; pn bayaapaawinang baapaazhid= < baazhid=
1206,baapi',vta,laugh at s.o.; Isg imbaapi'aa; pn bayaapi'aad
1207,baapinakamigad,vii,there are festivities; pn bayaapinakamigak
1208,baapinakamigizi,vai,be excited; Isg imbaapinakamigiz; pn bayaapinakamigizid
1209,baapiniziwaagan,pc,beware! (a warning based on a premonition)
1211,baapitoon,vti2,"laugh at s.t.; Isg imbaapitoon; prt bayaapitood baas /baasw-/ vta dry s.o.; Isg imbaaswaa; prt bayaaswaad baasa' /baasa'w-/ vta crack s.o. using something, shatter s.o. using something; Isg imbaasa'waa; prt bayaasa'waad"
1212,baasa'an,vti,"crack s.t. using something, shatter s.t. using something; Isg imbaasa'aan; prt bayaasa'ang"
1213,baasa'ige,vai,"crack things using something, shatter things using something; Isg imbaasa'ige; prt bayaasa'iged"
1216,baasaabikizigan,ni,dynamite; pi baasaabikiziganan; loc baasaabikiziganing; dim baasaabikizigaans
1217,baasaabikizige,vai,blast things; Isg imbaasaabikizige; pn bayaasaabikiziged baashka' /baashka'w-/ vta burst s.o. using some- thing; Isg imbaashka'waa; prt bayaash ka* waad
1218,baashka'an,vti,burst s.t. using something; Isg imbaashka'aan; prt bayaashka'ang baashkakwa'am vai2 make a thunderclap (of the thunderers); prt bayaashkakwa'ang
1219,baashkaabigwanii,vti,"blossom, bloom; prt bayaashkaabigwaniig; aug baashkaabigwaniimagad; prt aug bayaashkaabigwaniimagak"
1221,baashkaawe'o,vai,hatch; prt bayaashkaawe'od; also baashkaawe'am
1223,baashkijii'an,vti,burst s.t. open using something; Jsg imbaashkijii'aan; prt bayaashkijii'ang
1224,baashkijiisijige,vai,have a blowout; prt bayaashkijiisijiged
1226,baashkinede,vii,steam; prt bayaashkinedeg; aug baashkinedemagad; prt aug bayaashkinedemagak
1229,baashkisidoon,vti2,burst s.t. on impact; Isg imbaashkisidoon; prt bayaashkisidood baashkiz /baashkizw-/ vta shoot s.o.; Isg imbaashkizwaa; prt bayaashkizwaad
1236,baasiga'an,vti,chop s.t. into small pieces (as some- thing of wood); Isg imbaasiga'aan; prt bayaasiga'ang
1246,baasisidoon,vti2,"shatter s.t., crack s.t.; Isg imbaasisidoon; prt bayaasisidood"
1252,baataytinatoon,vti2,"have much of s.t., have many of s.t.; Isg imbaatayiinatoon; prt bayaatayiinatood"
1253,baatayiino,vai,"be much, be many; prt bayaatayiinod; also baatayiini"
1254,baatayiino',vta,"have much of s.o., have many of s.o.; Isg imbaatayiino'aa; prt bayaatayiino'aad"
1261,baazhida'an,vti,step over s.t.; Isg imbaazhida'aan; pn bayaazhida'ang
1262,baazhidaandawe,vai,climb over; Isg imbaazhidaandawe; pn bayaazhidaandawed
1263,baazhijigwaashkwani,vai,jump over; Isg imbaazhijigwaashkwani; pn bayaazhijigwaashkwanid
1264,baazhijiwebin,vta,throw s.o. over; Isg imbaazhijiwebinaa; pn bayaazhijiwebinaad
1265,baazhijiwebinan,vti,throw s.t. over; Isg imbaazhijiwebinaan; pn bayaazhijiwebinang bebakaan= < bakaan=
1266,bebakaan,pc,all different
1267,bebangii,pc,a little bit each bebangiiwag= < bangiiwag=
1274,bekaadizi,vai,"be quiet, be easygoing; Isg imbekaadiz; prt bayekaadizid"
1275,bekish,pc,at the same time
1277,bengwa'an,vti,dry s.t. using something; Isg imbengwa'aan; prt bayengwa'ang
1280,beshibii'an,vti,mark s.t. with a stripe; Isg imbeshibii'aan; prt bayeshibii'ang
1281,beshibii'ige,vai,mark things with a stripe; Isg imbeshibii'ige; prt bayeshibii'iged beshizh /beshizhw-/ vta make a cut on s.o.; Isg imbeshizhwaa; pn bayeshizhwaad
1284,besho,pc,"near, close"
1288,beshwaji',vta,be close friends with s.o.; Isg imbeshwaji'aa; prt bayeshwaji'aad
1293,bezhigoobii'igan,na,ace (card); pi bezhigoobii'iganag
1295,bezhigwanong,pc,"one place, in one place"
1296,bezhigwaabik,pc,one dollar
1299,bezikaabatoo,vai,"run slowly; Isg imbezikaabatoo; prt bayezikaabatood bi- pv2 toward the speaker, this way, here, hither"
1301,bibagaabikaad,vii,be thin (as something mineral); pn bebagaabikak
1303,bibagaakwadin,vii,be frozen thin; pn bebagaakwading
1304,bibagaakwaji,vai,be frozen thin; pn bebagaakwajid
1306,bibagishin,vai,lie in a thin layer; pn bebagishing
1307,bibagisin,vii,lie in a thin layer; prt bebagising
1310,bibigwan,m,flute; pi bibigwanan bibigwan (flute)
1313,bibine-ziinzibaakwad,ni,granulated sugar
1317,biboonodaabaari,na,sleigh; pi biboonodaabaanag; loc biboonodaabaaning; dim biboonodaabaanens
1318,biboonodaabaariens,na,sled; pi biboonodaabaanensag
1319,biboonong,pc,"last winter bichi- pv4 by mistake, accidentally"
1322,bichinaadizo,vai,shoot oneself accidentally; Isg imbichinaadiz; prt bechinaadizod
1326,bigishkibidoon,vti2,tear s.t. to pieces; Isg imbigishkibidoon; pn begishkibidood bigishkibizh /bigishkibiN-/ vta tear s.o. to pieces; hg imbigishkibinaa; pn begishkibinaad
1337,bigiins,na,chewing gum; pi bigiinsag
1339,bijiinag,pc,"after a while, recently, just now"
1340,bijiinaago,pc,yesterday
1341,bikonagizhii,vai,have a potbelly; Isg imbikonagizhii; pn bekonagizhiid bikoojaan re ball of twine or yarn; pi bikoojaanan; loc bikoojaaning; dim bikoojaanens
1344,bikwaakoganaan,m,ankle joint; pi bikwaakoganaanan; loc bikwaakoganaaning; dim bikwaakoganaanens
1346,bikwaakwado-bagamaagan,ni,ball-headed club; pi bikwaakwado-bagamaaganan; dim bikwaakwado-bagamaagaans
1348,bima'adoo,vai,follow a trail along; Isg imbima'adoo; pn bema'adood
1349,bima'adoon,vti2,follow s.t. along as a trail; Isg imbima'adoon; pn bema'adood
1350,bima'amaazo,vai,go along singing; Isg imbima'amaaz; pn bema'amaazod
1351,bima'an,vti,skim s.t.; hg imbima'aan; prt bema'ang bima'azh /bima'aN-/ vta follow s.o.'s trail along; hg imbima'anaa; pn bema'anaad
1352,bima'ige,vai,skim things; Isg imbima'ige; pn bema'iged
1353,bima'oodoo,vai,pole a boat along; Isg imbima'oodoo; prt bema'oodood
1354,bima'oodoon,vti2,"take s.t. along in a boat, pole s.t. along in a boat; hg imbima'oodoon; pit bema'oodood"
1355,bima'ookii,vai,"pole a boat along; Isg imbima'ookii; prt bema'ookiid bima'oozh /bima'ooN-/ vta take s.o. along in a boat, pole s.o. along in a boat; Isg imbima'oonaa; pn bema'oonaad"
1364,bimaada'e,vai,skate along; Isg imbimaada'e; prt bemaada'ed
1368,bimaakosidoon,vti2,put s.t. along (as something stick- or wood-like); Isg imbimaakosidoon; prt bemaakosidood
1378,bimiba'igo,vai,ride along drawn by horses; Isg imbimiba'ig; pn bemiba'igod
1379,bimiba'iwe,vai,run along in flight from someone; Isg imbimiba'iwe; prt bemiba'iwed
1383,bimibizoni',vta,"drive s.o. along, take s.o. along for a ride; Isg imbimibizoni'aa; prt bemibizoni*aad"
1384,bimibizonitoon,vti2,drive s.t. along; Isg imbimibizonitoon; prt bemibizonitood
1386,bimidasaa,na,"thwart; pi bimidasaag; also bimidasaagan, -an"
1387,bimidaabaadan,vii,drag s.t. along; Isg imbimidaabaadaan; prt bemidaabaadang bimidaabaazh /bimidaabaaN-/ vta drag s.o. along; Isg imbimidaabaanaa; prt bemidaabaanaad
1388,bimidaabiiba'igo,vai,drive along quickly in a wagon or sleigh; Isg imbimidaabiiba'ig; prt bemidaabiiba'igod
1389,bimidaabii'iwe,vai,drive along; Isg imbimidaabii'iwe; prt bemidaabii'iwed
1392,bimikawaan,ni,"footprint, track; pi bimikawaanan"
1394,biminaazhikaage,vai,"send people along, chase people along; Isg imbiminaazhikaage; prt beminaazhikaaged biminizha' /biminizha'w-/ vta chase s.o. along; Isg imbiminizha'waa; prt beminizha'waad"
1395,biminizha'an,vti,chase s.t. along; Isg imbiminizha'aan; prt beminizha'ang
1396,biminizha'ige,vai,chase things along; Isg imbiminizha'ige; prt beminizha'iged
1406,bimiwidoon,vti2,"carry s.t. along, take s.t. along; Isg imbimiwidoon; pn bemiwidood"
1408,bimiwizhiwe,vai,"take people along, drive people along (as in a bus); Isg imbimiwizhiwe; prt bemiwizhiwed"
1409,bimiwizhiwewidaabaan,na,taxi; pi bimiwizhiwewidaabaanag; loc bimiwizhiwewidaabaaning; dim bimiwizhiwewidaabaanens
1419,bimoomigoo-apaibiwin,ni,saddle; pi bimoomigooapabiwinan; loc bimoomigoo- apabiwining; dim bimoomigoo-apabiwinens
1421,bimoonjigan,m,"dance bustle, pack frame; pi bimoonjiganan; loc bimoonjiganing; dim bimoonjigaans"
1425,bina'an,vti,take s.t. down; Isg imbina'aan; pn bena'ang
1427,bi-naagwad,vii,"appear, come into view; pn ba- naagwak"
1429,binaakwe'igan,ni,rake; pi binaakwe'iganan; loc binaakwe'iganing; dim binaakwe'igaans
1430,binaakwe'ige,vai,rake things; Isg imbinaakwe'ige; pn benaakwe'iged
1431,binaakwe'o,vai,comb one's hair; Isg imbinaakwe'; pn benaakwe'od
1433,binaakwii-giizis,na,October; also binaakwe-giizis
1436,bineshiinhwayaan,na,bird skin; pi bineshiinhwayaanag; lac bineshiinhwayaaning; dim bineshiinhwayaanens
1441,bingwii-miikana,ni,gravel road; pi bingwii- miikanan; loc bingwii-miikanaang; dim bingwii-miikanaans biniweba' /biniweba'w-/ vta knock s.o. down using something; Isg imbiniweba'waa; pn beniweba'waad
1442,biniweba'an,vti,knock s.t. down using something; Isg imbiniweba'aan; pn beniweba'ang
1444,bipakoombens,ni,cucumber; pi bipakoombensan
1445,bishagaakwa'ige,vai,peel timber using something; Isg imbishagaakwa'ige; pn beshagaakwa'iged
1446,bishagaaso,vai,peel from sunburn; Isg imbishagaas; pn beshagaasod
1447,bishagibidoon,vti2,peel s.t. with hands; Isg imbishagibidoon; prt beshagibidood
1448,bishagibijige,vai,peel things with hands; Isg imbishagibijige; pn beshagibijiged bishagibizh /bishagibiN-/ vta peel s.o. with hands; hg imbishagibinaa; pn beshagibinaad
1450,bishagikodan,vti,peel s.t. with a knife; hg imbishagikodaan; pn beshagikodang bishagikozh /bishagikoN-/ vta peel s.o. with a knife; Isg imbishagikonaa; pn beshagikozhwaad
1453,bishagiishkate,vii,be dark indoors; pn beshagiishkateg; aug bishagiishkatemagad; pn aug beshagiishkatemagak
1454,bishagiishkaa,vii,be dark; pn beshagiishkaag; aug bishagiishkaamagad; pn aug beshagiishkaamagak
1455,bishagiishkaande,vii,be dark colored; pn beshagiishkaandeg; aug bishagiishkaandemagad; pn aug beshagiishkaandemagak
1456,bishagiishkaanzo,vai,be dark colored; pn beshagiishkaanzod
1457,bisha'igobii,vai,peel wigob (inner bark of basswood); hg imbisha'igobii; pn besha'igobiid
1462,bisigadanaaboo,ni,dumpling soup; loc bisigadanaaboong
1464,biskanesidoon,vti2,light s.t. by striking; Isg imbiskanesidoon; pn beskanesidood
1466,biskaabii,vai,make a round trip in one day; Isg imbiskaabii; prt beskaabiid
1467,biskaakonebijigan,m,"switch; pi biskaakonebijiganan; loc biskaakonebijiganing; dim biskaakonebijigaans biskibidoon va2 bend s.t. over with hands, fold s.t. with hands; Isg imbiskibidoon; prt beskibidood biskibizh /biskibiN-/ vta bend s.o. over with hands, fold s.o. with hands; Isg imbiskibinaa; pn beskibinaad"
1479,bitaakosin,vii,"bump something, hit against something accidentally (as something stick- or wood-like); pn betaakosing bitizh /bitizhw-/ vta cut s.o. accidentally; Isg imbitizhwaa; pn betizhwaad"
1481,bizaan,pc,"quiet, still"
1483,bizaanaakwadabi,vai,sit still; Isg imbizaanaakwadab; pn bezaanaakwadabid
1488,bizhiki-wiiyaas,m,beef; also bizhikiwi-wiiyaas
1490,bizhikiinsiwayaan,na,calfhide; pi bizhikiinsiwayaanag
1505,biibaagindan,vti,"call out to s.t., shout at s.t.; Isg imbiibaagindaan; pn baabaagindang"
1507,biichibabagiwayaane,vai,put on one's shirt; Isg imbiichibabagiwayaane; pn baachibabagiwayaaned
1508,biichibabiinzikawaagane,vai,put on one's coat; Isg imbiichibabiinzikawaagane; prt baachibabiinzikawaaganed
1509,biichigiboodiyegwaazone,vai,put on one's pants; Isg imbiichigiboodiyegwaazone; pn baachigiboodiyegwaazoned
1511,biichiwakwaane,vai,put on one's hat; Isg imbiichiwakwaane; pn baachiwakwaaned
1512,biida'adoo,vai,follow a trail here; Isg imbiida'adoo; pn baada'adood
1513,biida'adoon,vti2,follow s.t. as a trail here; Isg imbiida'adoon; pn baada'adood biida'azh /biida'aN-/ vta follow s.o.'s trail here; Isg imbiida'anaa; pn baada'anaad
1514,biida'oodoon,vti2,bring here in a boat; Isg imbiida'oodoon; pn baada'oodood biida'oozh /biida'ooN-/ vta bring s.o. here in a boat; Isg imbiida'oonaa; pn baada'oonaad
1518,biidaadagaa,vai,swim here; Isg imbiidaadagaa; prt baadaadagaad
1520,biidaada'e,vai,skate here; Isg imbiidaada'e; pn baadaada'ed
1524,biidaanimizi,vai,come in fear; Isg imbiidaanimiz; pn baadaanimizid
1533,biidaazakwanenjige,vai,come with a light; Isg imbiidaazakwanenjige; prt baadaazakwanenjiged
1539,biidoon,vti2,bring s.t.; l.sg imbiidoon; prt baadood
1545,biidweweyaadagaa,vai,"be heard swimming here; Isg imbiidweweyaadagaa; pn baadweweyaadagaad biidwewidam vai2 come making noise (e.g., thunder), come speaking; Isg imbiidwewidam; pn baadwewidang"
1547,biigobidoon,vti2,"tear s.t., rip s.t.; Isg imbiigobidoon; pn baagobidood"
1551,biigodaabaane,vai,have a broken-down car; hg imbiigodaabaane; pn baagodaabaaned
1553,biigojiishkaa,vai,burst open; pn baagojiishkaad
1561,biigosidoon,vti2,"break s.t. by dropping, smash s.t.; Isg imbiigosidoon; pn baagosidood"
1564,biigwa'an,vti,break s.t. using something; Isg imbiigwa'aan; prt baagwa'ang
1565,biigwakamigibidoon,vti2,"break s.t. up (as ground), plow s.t.; Isg imbiigwakamigibidoon; prt baagwakamigibidood"
1566,biigwakamigibijigan,na,plow; pi biigwakamigibijiganag; loc biigwakamigibijiganing; dim biigwakamigibijigaans
1567,biigwakamigibijige,vai,plow; Isg imbiigwakamigibijige; prt baagwakamigibijiged
1571,bii'o,vai,wait; hg imbii'; pn baa'od biijiba'idiwag /biijiba'idi-/ vai they run here together; Ipl imbiijiba'idimin; pn baajiba'idijig
1576,biijibii'ige,vai,"write here, send a letter here; prt baajibii'iged"
1580,biijidaabii'iwe,vai,drive here; hg imbiijidaabii'iwe; pn baajidaabii'iwed
1593,biijise,vii,fly here; pn baajiseg; aug biijisemagad; pn aug baajisemagak
1596,biimashkwemaginigan,ni,bark torch; pi biimashkwemaginiganan; loc biimashkwemaginiganing; dim biimashkwemaginigaans
1597,biimaakwad,ni,vine; pi biimaakwadoon; loc biimaakwadong; dim biimaakwadoons
1598,biimidoon,vai,have a twisted mouth (as from a stroke); Isg imbiimidoon; prt baamidoong
1603,biimiskodisii,na,snail; pi biimiskodisiig
1604,biimiskon,vta,"turn s.o., twist s.o.; hg imbiimiskonaa; pn baamiskonaad"
1605,biimiskonan,vti,"turn s.t., twist s.t.; hg imbiimiskonaan; pn baamiskonang biimiskonigan in screw; pi biimiskoniganan; dim biimiskonigaans"
1606,biimiskonikeshin,vai,fall and twist one's arm; hg imbiimiskonikeshin; pn baamiskonikeshing
1607,biimiskwa'an,vti,screw s.t.; hg imbiimiskwa'aan; pn baamiskwa'ang
1608,biimiskwa'igan,ni,"screwdriver, wrench; pi biimiskwa'iganan; loc biimiskwa'iganing; dim biimiskwa'igaans"
1609,biimiskwa'igaans,ni,screw; pi biimiskwa'igaansan; loc biimiskwa'igaansing
1611,biina'igaade,vii,be put in; pn baana'igaadeg; aug biina'igaademagad; pn aug baana'igaademagak
1612,biina'igaazo,vai,be put in; prt baana'igaazod biinaagamin /biinaagami-/ vii be clean (as a liquid); pn baanaagamig biinda'am vai2 be caught in a net; hg imbiinda'am; pn baanda'ang
1614,biindaabikibijigan,ni,gearshift; pi biindaabikibijiganan
1615,biindaabikibijige,vai,"shift gears; Isg imbiindaabikibijige; pn baandaabikibijiged biindaablkibizh /biindaabikibiN-/ vta shift s.o. (e.g., a car); /st'imbiindaabikibinaa; /OT baandaabikibinaad"
1618,biindaakwe,vai,chew snuff or tobacco; hg imbiindaakwe; pn baandaakwed
1620,biindig,pc,inside
1621,biindigadoon,vti2,"bring s.t. inside, take s.t. inside; Isg imbiindigadoon; prt baandigadood"
1624,biindigeba'iwe,vai,run inside from people; hg imbiindigeba'iwe; prt baandigeba'iwed
1626,biindigebatwaadan,vti,run inside with s.t.; hg imbiindigebatwaadaan; pn baandigebatwaadang biindigebatwaazh /biindigebatwaaN-/ vta run inside with s.o.; J's^imbiindigebatwaanaa;prt baandigebatwaanaad
1629,biindigenaazhikaw,vta,chase s.o. inside; hg imbiindigenaazhikawaa; prt baandigenaazhikawaad
1635,biindigewebinige,vai,throw things inside; hg imbiindigewebinige; pn baandigewebiniged
1638,biindoode,vii,crawl in; pn baandooded
1639,biingeji,vai,"feel cold; hg imbiingeji; pn baangejid biingeyendam vai2 have something on one's mind, worry; hg imbiingeyendam; prt baangeyendang"
1645,biinish,pc,"until, up to"
1646,biinitaw,vta,clean (s.t.) for s.o.; hg imbiinitawaa; pn baanitawaad
1647,biinitoon,vti2,clean s.t.; hg imbiinitoon; pn baanitood
1649,biinizikaa,pc,"spontaneously, for no purpose at all"
1650,biinjayi'ii,pc,inside it
1653,biinjiboonaagan,na,fish trap; pi biinjiboonaaganag; loc biinjiboonaaganing; dim biinjiboonaagaans
1655,biinjidoon,pc,inside the mouth
1656,biinjijaanzh,pc,inside the nose
1659,biinjina,pc,inside the body
1661,biinjise,vii,"fly in, fall in; prt baanjiseg; aug biinjisemagad; pn aug baanjisemagak"
1662,biinjitawag,pc,inside an ear
1669,biipiinjigana'onag,na,"dew-claw game plural biisa"" /biisa'w-/ vta chop s.o. fine; hg imbiisa'waa; pn baasa'waad"
1670,biisa'an,vti,chop s.t. fine; hg imbiisa'aan; prt baasa'ang
1672,biisibidoon,vti2,"crumble s.t., pull s.t. into particles; hg imbiisibidoon; pn baasibidood biisibizh /biisibiN-/ vta crumble s.o., pull s.o. into particles; hg imbiisibinaa; pn baasibinaad"
1673,biisiboodoon,vti2,grind s.t. up; hg imbiisiboodoon; pn baasiboodood
1674,biisiboojigan,na,cornmeal; loc biisiboojiganing
1676,biisiga'ise,vai,make kindling; 7sjf imbiisiga'ise;£rf baasiga'ised biisitaagan in bubble; pi biisitaaganan; he biisitaaganing; dim biisitaagaans
1678,biitagoode,vai,put on one's dress; Isg imbiitagoode; prt baatagoodeg
1681,biite,m,foam
1683,biitewaaboo,ni,beer; loc biitewaaboong biitoo- pv4 as a layer
1685,biitoo-giboodiyegwaazon,na,underpants; pi biitoo-giboodiyegwaazonag; loc biitoo- giboodiyegwaazoning; dim biitoo- giboodiyegwaazonens
1686,biitookizinaan,m,overshoe; pi biitookizinaanan; he biitookizinaaning; dim biitookizinaanens; also biitookizin
1687,biitookizine,vai,wear overshoes; Isg imbiitookizine; prt baatookizined
1688,biitookonaye,vai,wear layers (as underwear); Isg imbiitookonaye; prt baatookonayed
1689,biitoon,vti2,wait for s.t.; Isg imbiitoon; prt baatood
1690,biitooshin,vai,lie in a layer; pn baatooshing
1694,biitoosin,vii,lie in a layer; pn baatoosing
1697,biiwaabiko-adaawewigamig,ni,hardware store; pi biiwaabiko-adaawewigamigoon; loc biiwaabiko-adaawewigamigong; also biiwaabikwadaawewigamig
1699,biiwaabikokaan,ni,mine; pi biiwaabikokaanan; loc biiwaabikokaaning; dim biiwaabikokaanens
1700,biiwaabikokewinini,na,miner; pi biiwaabikokewininiwag
1703,biiwega'igan,ni,chip; pi biiwega'iganan; loc biiwega'iganing; dim biiwega'igaans
1705,biiwise,vai,"scatter, disperse; pn baawised"
1706,biiwise,vii,"scatter, disperse; prt baawiseg; aug biiwisemagad; pn aug baawisemagak"
1707,biiwiwebin,vta,scatter s.o.; 7^imbiiwiwebinaa; pn baawiwebinaad
1712,biizikonaye',vta,dress s.o.; Isg imbiizikonaye'aa; pn baazikonaye'aad
1713,booch,pc,"it is necessary, it is certain"
1716,boodawewinini,na,"maintenance engineer, school custodian; pi boodawewininiwag; dim boodawewininiins boodaadan vtiblow on s.t.; Isg imboodaadaan; prt bwaadaadang"
1718,boodaajii'igan,ni,"tire pump, air pump; pi boodaajii'iganan; loc boodaajii'iganing; dim boodaajii'igaans"
1719,boodaajii'ige,vai,inflate things; Isg imboodaajii'ige; pn bwaadaajii'iged
1720,boodewaadamii,na,Potawatomi; pi boodewaadamiig; dim boodewaadamiins
1724,bookobidoon,vti2,"pull s.t. in two, break s.t. in two with hands; Isg imbookobidoon; prt bwaakobidood bookobizh /bookobiN-/ vta pull s.o. in two, break s.o. in two with hands; Isg imbookobinaa; prt bwaakobinaad"
1725,bookoganaam,vta,break s.o. in two by hitting; Isg imbookoganaamaa; pn bwaakoganaamaad bookoganaandan mi break s.t. in two by hitting; Isg imbookoganaandaan; pn bwaakoganaandang
1735,bookwaabik,ni,piece of metal; pi bookwaabikoon; loc bookwaabikong; dim bookwaabikoons
1736,bookwaawiganeshin,vai,fall and break one's back; Isg imbookwaawiganeshin; prt bwaakwaawiganeshing
1737,boonakadoon,vti2,anchor s.t.; Isg imboonakadoon; prt bwaanakadood
1738,boonakajigan,m,anchor; pi boonakajiganan; loc boonakajiganing; dim boonakajigaans boonam vai2 lay an egg; pn bwaanang
1744,boonitoon,vti2,"leave s.t. alone, quit s.t.; Isg imboonitoon; pn bwaanitood"
1746,booshke,pc,"it's up to you, it's your decision; also booshke giniin"
1749,bootaagaadan,vti,stamp s.t. in a mortar; Isg imbootaagaadaan; pn bwaataagaadang
1753,boozi',vta,give a ride to s.o.; Isg imboozi'aa; pn bwaazi'aad
1758,boozitoon,vti2,"load s.t. as cargo; Isg imboozitoon; prt bwaazitood bwaa- pvl not able to, not before"
1760,bwaanawi'o,vai,"be unable to do something, be stuck; Isg imbwaanawi'; pn bwayaanawi'od"
1761,bwaanawitoon,vti2,"be unable to do s.t., be unable to manage s.t.; hg imbwaanawitoon; prt bwayaanawitood"
1764,bwaanimotaw,vta,speak Dakota to s.o.; hg imbwaanimotawaa; prt bwayaanimotawaad
1765,bwaanzhii-nagamo,vai,sing war songs; hg imbwaanzhii-nagam; pn bwayaanzhii- nagamod
1767,bwaanzhii-niimi'idiwin,ni,war dance; pi bwaanzhii-niimi'idiwinan
1768,bwaanzhiiwi'o,vai,wear a dance outfit; hg imbwaanzhiiwi'; pn bwayaanzhiiwi'od
1769,bwaanzhiiwi'on,m,dance outfit; pi bwaanzhiiwi'onan; loc bwaanzhiiwi'oning; dim bwaanzhiiwi'onens
1771,dabasagoodoon,vti2,hang s.t. low; Isg indabasagoodoon; prt debasagoodood
1779,dabazhish,pc,low
1781,dabinoo'igan,ni,shelter; pi dabinoo'iganan; loc dabinoo'iganing; dim dabinoo'igaans dadaakw= < dakw=
1782,dadaakwanagweyaa,vii,have short sleeves; prt dedaakwanagweyaag; aug dadaakwanagweyaamagad; prt aug dedaakwanagweyaamagak
1785,dadaatabaanagidoon,vai,talk quickly; Isg indadaatabaanagidoon; prt dedaatabaanagidoong
1789,dadibaajimoowinini,na,storyteller; /)/ dadibaajimoowininiwag
1790,daga,pc,"please!, come on! dago- pv4 in a place with"
1795,dagonigaazo,vai,"be added in, be mixed in; prt degonigaazod"
1799,dagoshinoomagad,vii,arrive; prt degoshinoomagak dagoz /dagozw-/ vta cook s.o. with something else; Isg indagozwaa; pn degozwaad
1801,dagozo,vai,be cooked with something else; Isg indagoz; pn degozod
1802,dagwagim,vta,count s.o. in; Isg indagwagimaa; prt degwagimaad
1803,dagwagindan,vti,count s.t. in; Isg indagwagindaan; prt degwagindang
1804,dagwaginde,vii,"be included, be counted in; prt degwagindeg; aug dagwagindemagad; prt aug degwagindemagak"
1805,dagwaginzo,vai,"be included, be counted in; Isg indagwaginz; prt degwaginzod dagwaagin /dagwaagi-/ vii be fall, be autumn; pn degwaagig"
1806,dagwaagishi,vai,spend the fall somewhere; Isg indagwaagish; prt degwaagishid
1807,dagwaagong,pc,"last fall, last autumn"
1809,dakamanji'o,vai,"be chilled, feel cold; Isg indakamanji'; pn dekamanji'od"
1812,dakaagamisin,vii,cool off (as a liquid); prt dekaagamising
1814,dakaashi,vai,be cooled by the wind; prt dekaashid
1816,dakaayaa,vii,be cool (weather); prt dekaayaag; aug dakaayaamagad; prt aug dekaayaamagak; also daki-ayaa
1817,dakib,ni,cold water dakibiisaa mi be -cold rain; prt dekibiisaag; aug dakibiisaamagad; prt aug dekibiisaamagak
1818,dakininjii,vai,have a cold hand; Isg indakininjii; pn dekininjiid
1820,dakise,vii,cool; prt dekiseg; aug dakisemagad; prt aug dekisemagak
1823,dakisidoon,vti2,set s.t. to cool; Isg indakisidoon; prt dekisidood
1828,dakobidoo,vai,tie wild rice; Isg indakobidoo; pn dekobidood
1829,dakobidoon,vti2,"tie s.t., bind s.t.; Isg indakobidoon; prt dekobidood"
1836,dakokii,vai,step; Isg indakokii; pn dekokiid
1840,dakoniwewidaabaan,na,police car; pi dakoniwewidaabaanag; loc dakoniwewidaabaaning; dim dakoniwewidaabaanens
1844,dakwandan,vti,bite St.; Isg indakwandaan; pn dekwandang
1846,dakwanjigan,ni,pliers; pi dakwanjiganan; loc dakwanjiganing; dim dakwanjigaans
1847,dakwanjige,vai,bite things; Isg indakwanjige; pn dekwanjiged
1850,dakwaabikizi,vai,be short (as something mineral); prt dekwaabikizid
1852,dakwaabiigizhan,vti,cut s.t. short (as something string-like); Isg indakwaabiigizhaan; pn dekwaabiigizhang
1869,dangishkaage,vai,kick people; Isg indangishkaage; pn dengishkaaged
1876,daniwin,ni,"wealth, riches, property, belongings; pi daniwinan; loc daniwining; dim daniwinens"
1881,dash,pc,"and; also idash, -sh dashiwag /dashi-/ vai they are a certain number, they are so many; Ipl indashimin; prt endashijig"
1882,dasing,pc,"a certain number of times, so many times dasinoon /dasin-/ vii they are a certain number, they are so many; prt endasingin daso- pv3 a certain number, so many, every"
1883,daso-anama'e-giizhik,pc,"a certain number of weeks, so many weeks"
1884,daso-anama'e-giizhikwagad,vii,"be a certain number of weeks, be so many weeks; prt endaso-anama'e-giizhikwagad; also daswanama'e-giizhikwagad"
1885,daso-biboon,pc,"a certain number of years, so many years"
1887,daso-diba'igan,pc,"a certain number of hours, so many hours, a certain number of miles, so many miles"
1888,daso-diba'iganed,vii,"be a certain hour, be a certain time in hours; prt endaso-diba'iganek daso-diba'igaans /)i a certain number of minutes, a certain number of acres, so many minutes, so many acres"
1889,daso-diba'iminaan,pc,"a certain number of bushels, so many bushels"
1890,daso-dibaabiishkoojigan,pc,"a certain number of pounds, so many pounds daso-dibikpc a certain number of nights, so many nights"
1891,daso-gikinoonowin,pc,"a certain number of years, so many years daso-giizhigad viibe a certain date;prtendaso- giizhigak daso-giizhik />< a certain number of days, so many days"
1892,daso-giizis,pc,"a certain number of months, so many months"
1893,dasogon,pc,"a certain number of days, so many days"
1896,dasogonendi,vai,"be gone a certain number of days, be absent a certain number of days; Isg indasogonend; pn endasogonendid"
1897,dasonaagaans,pc,"a certain number of cupfuls, so many cupfuls"
1898,dasoninj,pc,"a certain number of inches, so many inches dasosagoons nm a certain number of thousands, so many thousand"
1899,dasozid,pc,"a certain number of feet, so many feet"
1901,dasooshkin,pc,"certain number of bags, so many bags dasoozh /dasooN-/ vta trap s.o.; Isg indasoonaa; prt desoonaad"
1903,daswaabik,pc,"a certain number of dollars, so many dollars"
1904,daswewaan,pc,"a certain number of sets, so many sets, a certain number of pairs, so many pairs daswi nm a certain number, so many datak= < dak= datakw= < dakw= datang= < dang= datap= < dap="
1905,dawaa,vii,"be space, be room; prt dewaamagak; aug dawaamagad; prt aug dewaamagak"
1906,dawibidoon,vti2,pull s.t. apart to form a gap; Isg indawibidoon; pn dewibidood
1907,dawibijige,vai,"pull things apart to form a gap; Isg indawibijige; pn dewibijiged dawibizh /dawibiN-/ vta pull s.o. apart to form a gap; /s£indawibinaa;p«dewibinaad dazhi- pv3 in a certain place, of a certain place, there"
1910,dazhinge,vai,"talk about people, gossip; hg indazhinge; pn endazhinged"
1912,dazhishin,vai,"lie in a certain place, be buried in a certain place; hg indazhishin; pn endazhishing"
1913,dazhisin,vii,lie in a certain place; prt endazhising
1922,daangigwanenan,vti,sign s.t.; Isg indaangigwanenaan; prt dayaangigwanenang
1928,daangisidoon,vti2,put s.t. touching; Isg indaangisidoon; prt dayaangisidood
1930,daashkaa,vii,"be split, be torn apart; prt dayaashkaag; aug daashkaamagad; prt aug dayaashkaamagak"
1931,daashkibidoon,vti2,"split s.t. lengthwise with hands, tear s.t. apart; Isg indaashkibidoon; prt dayaashkibidood daashkibizh /daashkibiN-/ vta split s.o. lengthwise with hands, tear s,.o. apart; Isg indaashkibinaa; prt dayaashkibinaad"
1932,daashkiboodoon,vti2,saw s.t. apart lengthwise; Isg indaashkiboodoon; pn dayaashkiboodood
1935,daashkiga'an,vti,splil s.t. by chopping (as some- thing of wood); Isg indaashkiga'aan; prt dayaashkiga'ang
1936,daashkiga'ige,vai,split wood; Isg indaashkiga'ige; prt dayaashkiga'iged
1937,daashkiga'ise,vai,split firewood; Isg indaashkiga'ise; prt dayaashkiga'ised
1944,deba'ookii,vai,have enough to give away; Isg indeba'ookii; prt dayeba'ookiid deba'oozh /deba'ooN-/ vta have enough to give to or feed s.o.; Isg indeba'oonaa; pn dayeba'oonaad
1945,debakii'ige,vai,determine the depth; Isg indebakii'ige; pn dayebakii'iged
1954,debi',vta,"satisfy s.o., benefit s.o., give s.o. some- thing appropriate; Isg indebi'aa; prt dayebi'aad debinaakpc badly, carelessly, any old way"
1955,debisachige,vai,have enough of things; Isg indebisachige; pn dayebisachiged
1956,debisa',vta,have enough of s.o.; Isg indebisa'aa; pn dayebisa'aad
1957,debisatoon,vti2,have enough of s.t.; Isg indebisatoon; pn dayebisatood
1963,debizi,vai,"be satisfied, be lucky, have enough; Isg indebiz; prt dayebizid"
1968,debwetaagwad,vii,"be believable, be believed; pn dayebwetaagwak debwewidam vai2 be heard speaking at a distance; Isg indebwewidam; pn dayebwewidang debweyendam vai2 believe; Isg indebweyendam; prt dayebweyendang"
1971,de-miijin,vti3,eat enough of s.t.; Isg inde-miijin; prt daye-miijid
1973,desa'on,ni,"platform, bench, bed (in wigwam); pi desa'onan; loc desa'oning; dim desa'onens"
1977,desinaagaans,ni,saucer; pi desinaagaansan; loc desinaagaansing
1978,deteba'agonjichigan,ni,"bobber, float; pi- deteba'agonjichiganan; loc deteba'agonjichiganing; dim deteba'agonjichigaans"
1981,dewe'igan,na,drum; pi dewe'iganag; loc dewe'iganing; dim dewe'igaans dewe*iganaak na drumstick; pi dewe'iganaakoon; loc dewe'iganaakong; dim dewe'iganaakoons; also dewe'iganaatig
1984,dewikwe-mashkikiins,ni,aspirin; pi dewikwe- mashkikiinsan; loc dewikwe-mashkikiinsing
1985,dewikwese,vai,get a sudden headache; Isg indewikwese; prt dayewikwesed
1990,di-,vai,"be in a certain condition, have a certain thing the matter with one used primarily in the conjunct, pn endid diba' /diba'w-/ vta pay for s.o., bail s.o. out; Isg indiba'waa; pn deba'waad"
1991,diba'akii,vai,survey land; Isg indiba'akii; pn deba'akiid
1992,diba'akiiwinini,na,surveyor; pi diba'akiiwininiwag
1993,diba'amaw,vta,"pay s.o. for (s.t.), pay (s.t.) to s.o.; Isg indiba'amawaa; pn deba'amawaad diba'amaadiwag /diba'amaadi-/ vai they pay each other for (s.t.); Ipl indiba'amaadimin; pn deba'amaadijig"
1994,diba'amaage,vai,pay people for (s.t.); Isg indiba'amaage; prt deba'amaaged
1995,diba'an,vti,pay for s.t.; Isg indiba'aan; pn deba'ang
1996,diba'aatigwaan,ni,"yardstick, measuring stick for timber; pi diba'aatigwaanan"
1997,diba'aatigwe,vai,scale timber; Isg indiba'aatigwe; pn deba'aatigwed
1998,diba'ige,vai,"pay things, measure things; Isg indiba'ige; prt deba'iged"
1999,diba'igese,vii,"pay off, pay for itself; pn deba'igeseg; aug diba'igesemagad; prt aug deba'igesemagak"
2000,diba'igiiziswaan,na,clock; pi diba'igiiziswaanag; loc diba'igiiziswaaning; dim diba'igiiziswaanens
2001,diba'igiiziswaanens,na,"watch; pi diba'igiiziswaanensag; loc diba'igiiziswaanensing dewe'igan (drum), dewe'iganaak (drumstick)"
2006,dibaabiishkoodoom,vti2,weigh s.t.; hg indibaabiishkoodoon; pn debaabiishkoodood
2007,dibaabiishkoojigan,ni,scale; pi dibaabiishkoojiganan; he dibaabiishkoojiganing; dim dibaabiishkoojigaans
2015,dibaakonigaade,vai,be a court matter; hg indibaakonigaa.de; prt debaakonigaaded
2016,dibaakonigaazo,vai,"be judged, be sentenced; prt debaakonigaazod"
2020,dibendan,vti,"control s.t., be the master of s.t., own s.t., earn s.t.; hg indibendaan; prt debendang"
2023,dibendaaso,vai,own for oneself; hg indibendaas; prt debendaasod
2024,dibenim,vta,"control s.o., own s.o., be the master of s.o.; hg indiberiimaa; prt debenimaad"
2025,dibenindizo,vai,"be independent, be one's own master; hg indibenindiz; prt debenindizod"
2026,dibenjigaade,vii,be owned; prt debenjigaadeg; aug dibenjigaademagad; prt aug debenjigaademagak
2027,dibenjigaazo,vai,"be owned, be an initiated member; prt debenjigaazod"
2028,dibi,pc,"I don't know where, I wonder where dubitative dibi go pc wherever, anywhere dubitative"
2029,dibi',vta,keep up even with s.o.; hg indibi'aa; prt debi'aad
2032,dibikaabaminaagwad,vii,be twilight; prt debikaabaminaagwak
2033,dibik-giizis,na,moon; pi dibik-giizisoog; also dibiki-giizis
2034,dibiki-ayaa,vai,be dark; pn debiki-ayaad dibikong />i last night
2035,dibinawe,pc,"by oneself, inherently"
2037,dibishkoo,pc,"just like, even, equal, direct dibishkookamigpc right across, opposite"
2038,didibibide,vii,roll; prt dedibibideg; aug didibibidemagad; pn aug dedibibidemagak
2039,didibinan,vti,roll s.t.; hg indidibinaan; prt dedibinang
2040,didibininjiibizon,na,ring; pi didibininjiibizonag; loc didibininjiibizoning; dim didibininjiibizonens
2041,didibise-apabiwin,ni,rocking chair; pi didibise- apabiwinan; loc didibise-apabiwining; dim didibise-apabiwinens
2042,digow,na,wave; pi digowag; also digo
2044,dikineyaab,ni,cradle board wrapper; pi dikineyaabiin; loc dikineyaabiing; dim dikineyaabiins
2048,ditibise,vai,"roll, go around (e.g., a wheel); pn detibised"
2051,ditibiwebishkige,vai,"pedal, roll things along by kicking; hg inditibiwebishkige; pn detibiwebishkiged"
2053,diitiba'an,vti,knock s.t. down effusing something; hg indiitiba'aan; prt daatiba'ang diitiba' /diitiba'w-/ via knock s.o. down off using something; hg indiitiba'waa; pn daatiba'waad
2054,diitibibidoon,vti2,knock s.t. down off something with hands; Isg indiitibibidoon; pn daatibibidood diitibibizh /diitibibiN-/ vta knock s.o. down off something with hands; hg indiitibibinaa; pn daatibibinaad
2055,diitibishkan,vti,"bump s.t. down off, knock s.t. down off something with foot or body; hg indiitibishkaan; pn daatibishkang"
2056,diitibishkaw,vta,"bump s.o. down off, knock s.o. down off something with foot or body; Isg indiitibishkawaa; pn daatibishkawaad doodam vai2 do something; Isg indoodam; pn endoodang"
2063,doonoo,na,bull; pi doonoog
2065,dootooban,vti,be springy ground; pn dwaatoobang
2066,dwaa'ibaan,ni,hole made in the ice for water; pi dwaa'ibaanan; loc dwaa'ibaaning; also dwaa'igan
2067,dwaa'ibii,vai,make a water hole in the ice; Isg indwaa'ibii; prt dwayaa'ibiid; also dwaa'ige
2068,dwaa'ige,vai,make a hole in the ice; Isg indwaa'ige; prt dwayaa'iged
2070,edawayi'ii,pc,on both sides of it
2071,edawi-zaka'o,vai,use crutches; Isg indedawi- zaka'; pn ayedawi-zaka'od
2073,eko-nising,pc,the third
2074,eko-niizhing,pc,the second
2078,endaso-dibik,pc,every night
2081,endogwen,pc,"I don't know, I am not sure"
2082,en',pc,"yes eni- pv2 going away from the speaker, coming up to in time changed form of ani-"
2083,enigok,pc,"with effort, harder"
2085,eniwek,pc,"somewhat, a little bit, just so, middling en/an' pc yes; also en', eya'"
2087,eshkam,pc,"gradually, more and more, less and less"
2090,eshkwaa,pc,while
2092,eta,pc,only
2093,eya',pc,yes eyishwaaswi nm eight each; also nenishwaaswi*
2094,eyiidawayi'h,pc,on both sides of it
2095,eyiidawininj,pc,at both hands
2096,eyiizh,pc,"both ezhi- pv3 in a certain way, to a certain place, thus, so, there changed form o/izhi-"
2097,ezhininjiishin,vai,leave a handprint; Isg indezhininjiishin; pn ayezhininjiishing
2099,ezhisin,vii,leave a mark; pn ezhising
2102,gabaa',vta,"get s.o. off a vehicle or boat, disembark s.o.; Isg ingabaa'aa; prt gebaa'aad gabaanaazha' /gabaanaazha'w-/ vta tell s.o. to get off, tell s.o. to disembark; hg ingabaanaazha'waa; pn gebaanaazha'waad"
2104,gabaatoon,vti2,"cook s.t. by boiling; Isg ingabaatoon; pn gebaatood gabe- pv4 whole extent of, throughout"
2105,gabe-ayi'ii,pc,"throughout it, a long time; also gabeyi'ii gabe-dibik pi all night"
2106,gabe-dibikwe,vai,spend the whole night; Isg ingabe-dibikwe; pn gebe-dibikwed
2108,gabe-giizhik,pc,all day gabekanapc at the end of the road or trail
2111,gabe-onaagosh,pc,all evening
2115,gabeshkaa,vai,go to the end; Isg ingabeshkaa; pn gebeshkaad
2118,gagaanonagweyaa,vii,have long sleeves; pn gegaanonagweyaag; aug gagaanonagweyaamagad; pn aug gegaanonagweyaamagak gagaanw= < ginw=
2120,gagaanzitaw,vta,act contrary to s.o.'s instructions; Isg ingagaanzitawaa; pn gegaanzitawaad
2122,gagiibanagaskwe,vai,stutter; Isg ingagiibanagaskwe; pn gegiibanagaskwed
2124,gagiibaadaatese,vii,"be a comedy, be a funny movie; pn gegiibaadaateseg; aug gagiibaadaatesemagad; prt aug gegiibaadaatesemagak"
2127,gagiibijaane,vai,have a stuffed-up nose; hg ingagiibijaane; pn gegiibijaaned
2131,gagiigin,vta,"select from s.o., pick from s.o.; Isg ingagiinaa; pn gegiiginaad"
2134,gagiikimaawasowin,ni,education by preaching and exhortation gagiikwe wri preach; Isg ingagiikwe; pr/ gegiikwed
2135,gagiikwe-mazina'igan,ni,bible; pi gagiikwe- mazina'iganan; loc gagiikwe-mazina'iganing; dim gagiikwe-mazina'igaans
2138,gagiipidoon,vai,have chapped lips; Isg ingagiipidoon; pn gegiipidoong
2141,gagwaanisagad,vii,be terrible; pn gegwaanisagak
2142,gagwaanisagakamig,pc,"terrible, awful gagwaanisagendam vai2 consider things to be terrible, suffer in one's mind; hg ingagwaanisagendam; prt gegwaanisagendang"
2149,gagwedaganewinini,na,boxer; pi gagwedaganewininiwag
2150,gagweda'aakwe,vai,practice shooting; hg ingagweda'aakwe; pn gegweda'aakwed
2153,gagwedoomigo,vai,practice riding on horseback; hg ingagwedoomig; prt gegwedoomigod
2156,gagweji',vta,try to get s.o. to...; hg ingagweji'aa; pn gegweji'aad gagwejikada' /gagwejikada'w-/ vta race s.o. in boats; hg ingagwejikada'waa; pn gegwejikada'waad gagwejikada'odiwag /gagwejikada'odi-/ vai they race each other in boats; Ipl ingagwejikada'odimin; prt gegwejikada'odijig gagwejikanidiwag /gagwejikanidi-/ vai they race each other; Ipl ingagwejikanidimin; pn gegwejikanidijig gagwejikazh /gagwejikaN-/ vta race s.o.; hg ingagwejikanaa; prt gegwejikanaad
2159,gagwejitoon,vti2,"try s.t., test s.t.; hg ingagwejitoon; pn gegwejitood"
2167,gakakaakozi,vai,be square (as something stick- or wood-like); pn gekakaakozid
2168,gakakaakwad,vii,be square (as something stick- or wood-like); prt gekakaakwak
2169,gakaki',vta,make s.o. square; hg ingakaki'aa; prt gekaki'aad
2170,gakakishin,vai,have a square pattern; prt gekakishing
2171,gakakisin,vii,have a square pattern; prt gekakising
2172,gakakitoon,vti2,make s.t. square; hg ingakakitoon; pn gekakitood
2176,gakaaga'ogaan,ni,house-like lodge; pi gakaaga'ogaanan; loc gakaaga'ogaaning; dim gakaaga'ogaanens
2177,gakaamikijiwan,vii,"be a waterfall; pn gekaamikijiwang gakeyaapc in the direction of; also akeyaa, keyaa, nakakeyaa*"
2178,gakijiwan,vii,be a waterfall; pn gekijiwang
2179,gakina,pc,"all; also akina, kina gakina awiya pr everybody; also akina awiya, kina awiya gakina gegoo pr everything; also akina gegoo, kina gegoo"
2182,ganabaj,pc,"perhaps, maybe"
2183,ganage,pc,"in the least, by any means"
2184,ganakin,vta,take a handful of s.o.; hg inganakinaa; pn genakinaad ganakinan Mi take a handful of s.t.; hg inganakinaan; prt genakinang
2186,ganawaabanjigaade,vii,"be looked at, be watched; prt genawaabanjigaadeg; aug ganawaabanjigaademagad; pn aug genawaabanjigaademagak"
2187,ganawaabanjigaazo,vai,"be looked at, be watched, be on parole; prt genawaabanjigaazod"
2188,ganawaabanjige,vai,"look at things, watch things; hg inganawaabanjige; prt genawaabanjiged"
2195,ganawenjigaade,vii,be taken care of; pn genawenjigaadeg; aug ganawenjigaademagad; pn aug genawenjigaademagak
2196,ganawenjigaazo,vai,"be taken care of, be on parole; pn genawenjigaazod"
2197,ganawenjige,vai,take care of things; Isg inganawenjige; pn genawenjiged
2198,ganoodan,vti,"speak to s.t.; Isg inganoodaan; pn genoodang ganoonidiwag /ganoonidi-/ vai they speak to each other; Ipl inganoonidimin; pn genoonidijig ganoozh /ganooN-/ vta address s.o., speak to s.o., call s.o. on the phone; Isg inganoonaa; pn genoonaad"
2201,gashka'oode,vii,"be knotted, be tangled; pn geshka'oodeg; aug gashka'oodemagad; prt aug geshka'oodemagak"
2202,gashka'oodoon,vti2,tie s.t. with a knot; Isg ingashka'oodoon; prt geshka'oodood
2204,gashka'oozo,vai,"be knotted, be tangled; pn geshka'oozod"
2205,gashkanokii,vai,be able to work; Isg ingashkanokii; pn geshkanokiid
2206,gashkapidoon,vti2,"tie s.t. shut, tie s.t. in a bundle; Isg ingashkapidoon; prt geshkapidood gashkapizh /gashkapiN-/ vta tie s.o. shut, tie s.o. in a bundle; Isg ingashkapinaa; pn geshkapinaad"
2207,gashkawan,vii,be a dense fog; prt geshkawang gashkaabika' /gashkaabika'w-/ vta lock s.o.; Isg ingashkaabika'waa; pn geshkaabika'waad
2208,gashkaabika'an,vti,lock s.t.; Isg ingashkaabika'aan; pn geshkaabika'ang
2209,gashkaabika'igan,ni,lock; pi gashkaabika'iganan; loc gashkaabika'iganing; dim gashkaabika'igaans
2210,gashkaabika'igaade,vii,be locked; pn geshkaabika'igaadeg; aug gashkaabika'igaademagad; pn aug geshkaabika'igaademagak
2211,gashkaabika'igaazo,vai,be locked; prt geshkaabika'igaazod
2212,gashkaabika'ige,vai,lock things; Isg ingashkaabika'ige; pn geshkaabika'iged
2213,gashkaakonan,vti,"bar s.t. (as something stick- or wood-like), lock s.t. (as or as with something stick- or wood-like; Isg ingashkaakonaan; pn geshkaakonang"
2214,gashkaakwa'amaw,vta,lock (s.t.) for s.o. (as or as with something stick- or wood-like); Isg ingashkaakwa'amawaa; pn geshkaakwa'amawaad
2215,gashkaaso,vai,"be sunburned; Isg ingashkaas; prt geshkaasod gashkendam vai2 be lonely, be sad; Isg ingashkendam; prt geshkendang"
2217,gashkibide,vii,be wrapped and tied in a bundle; prt geshkibideg; aug gashkibidemagad; pn aug geshkibidemagak
2218,gashkibidoon,vti2,wrap and tie s.t. in a bundle; Isg ingashkibidoon; pn geshkibidood
2220,gashkibijigaade,vii,be wrapped and tied in a bundle; prt geshkibijigaadeg; aug gashkibijigaademagad; prt aug geshkibijigaademagak
2221,gashkibijigaazo,vai,be wrapped and tied in a bundle; prt geshkibijigaazod
2222,gashkibijige,vai,wrap and tie things in a bundle; Isg ingashkibijige; pn geshkibijiged gashkibizh /gashkibiN-/ vta wrap and tie s.o. in a bundle; Isg ingashkibinaa; pn geshkibinaad
2224,gashkidaasebizo,vai,wear leg garters; Isg ingashkidaasebiz; pn geshkidaasebizod
2230,gashkigwaasoneyaab,ni,"sewing thread; pi gashkigwaasoneyaabiin; loc gashkigwaasoneyaabiing; dim gashkigwaasoneyaabiins gashkigwaazh /gashkigwaaN-/ vta sew s.o. (e.g., a pair of pants); Isg ingashkigwaanaa; /»r geshkigwaanaad"
2232,gashki',vta,"prevail over s.o., manage s.o., earn s.o. (e.g., money); Isg ingashki'aa; prt geshki'aad"
2233,gashki'ewizi,vai,"accomplish, succeed, have power; Isg ingashki'ewiz; prt geshki'ewizid"
2234,gashki'o,vai,"be able, get free; Isg ingashki'; prt geshki'od"
2235,gashkitaw,vta,"be able to get (s.t.) for s.o., be able to manage (s.t.) for s.o.; Isg ingashkitawaa; prt geshkitawaad"
2236,gashkitoon,vti2,"be able to do s.t., succeed at s.t., manage s.t.; Isg ingashkitoon; prt geshkitood"
2237,gashkiwidoon,vti2,"be able to take s.t., be able to carry s.t.; Isg ingashkiwidoon; prt geshkiwidood gashkiwizh /gashkiwiN-/ vta be able to take s.o., be able to carry s.o.; Isg ingashkiwinaa; pn geshkiwinaad"
2239,gashkii-dibik-ayaa,vii,"be dark as night; prt geshkii- dibik-ayaag; aug gashkii-dibik-ayaamagad; pn aug geshkii-dibik-ayaamagak gawa* /gawa'w-/ vta fell s.o., chop s.o. down; Isg ingawa'waa; pn gewa'waad"
2240,gawa'an,vti,"fell s.t., chop s.t. down; Isg ingawa'aan; prt gewa'ang"
2241,gawa'igaade,vii,be chopped down; prt gewa'igaadeg; aug gawa'igaademagad; prt aug gewa'igaademagak
2242,gawa'igaazo,vai,be chopped down; prt gewa'igaazod
2246,gawaakose,vai,fall over (as something stick- or wood-like); prt gewaakosed
2247,gawaakose,vii,fall over (as something stick- or wood-like); prt gewaakoseg; aug gawaakosemagad; prt aug gewaakosemagak
2250,gawin,vta,"upset s.o. by hand, tip s.o. over by hand; Isg ingawinaa; prt gewinaad"
2251,gawinan,vti,"upset s.t. by hand, tip s.t. over by hand; Isg ingawinaan; pn gewinang"
2255,gawishimo,vai,"lie down, go to bed; Isg ingawishim; prt gewishimod"
2257,gawiwebinan,vti,"throw s.t. down, knock s.t. down, pull s.t. down with hands; Isg ingawiwebinaan; prt gewiwebinang"
2258,gayat,pc,"formerly, previously, some time ago"
2260,gaye,pc,"as for, also, too, and; also ge gaa- pvl past tense prefix under initial change"
2262,gaadoon,vti2,hide s.t.; Isg ingaadoon; prt gayaadood
2264,gaagaagiw,na,raven; pi gaagaagiwag; dim gaagaagiins; also gaagaagi* gaagige- pv4 forever
2265,gaagiidaawigan,vai,have a sore back; Isg ingaagiidaawigan; pn gayaagiidaawigang gaagiidizi vaibe sore; /s» ingaagiidiz;/>rr gayaagiidizid
2267,gaagiigidoo-bineshiinh,na,parrot; pi gaagiigidoo- bineshiinyag
2269,gaagiigidoowinini,na,councillor; pi gaagiigidoowininiwag
2270,gaagiijidooskwan,vai,have a sore elbow; Isg ingaagiijidooskwan; prt gayaagiijidooskwang
2278,gaanda'igwaason,ni,thimble; pi gaanda'igwaasonan; loc gaanda'igwaasoning; dim gaanda'igwaasonens
2279,gaandakii'an,m,pole s.t.; Isg ingaandakii'aan; pn gayaandakii'ang
2280,gaandakii'iganaak,ni,push pole; pi gaandakii'iganaakoon; loc gaandakii'iganaakong; dim gaandakii'iganaakoons; also gaandakii'iganaatig
2281,gaandakii'ige,vai,pole a boat; hg ingaandakii'ige; pn gayaandakii'iged
2282,gaandakii'o,vai,pole a boat; hg ingaandakii'; pn gayaandakii'od
2286,gaanjida'an,vti,push s.t. with a stick; hg ingaanjida'aan; prt gayaanjida'ang
2287,gaanjida'ige,vai,push things with a stick; Isg ingaanjida'ige; pn gayaanjida'iged gaanjweba* /gaanjweba'w-/ vta shove s.o. using something; Isg ingaanjweba'waa; prt gayaanjweba'waad
2289,gaanjweba'ige,vai,"shove things using something, pole logs; hg ingaanjweba'ige; pn gayaanjweba'iged gaanjwebin ma shove s.o.; Isg ingaanjwebinaa; pn gayaanjwebinaad"
2301,gaapizigan,ni,popped wild rice; pi gaapiziganan; loc gaapiziganing; dim gaapizigaans
2304,gaashkakokwe'igan,ni,paddle for stirring boiling maple sap; pi gaashkakokwe'iganan; dim gaashkakokwe'igaans
2307,gaasiibii'an,vti,erase s.t.; hg ingaasiibii'aan; pn gayaasiibii'ang
2308,gaasiibii'igan,na,eraser; pi gaasiibii'iganag; loc gaasiibii'iganing; dim gaasiibii'igaans
2309,gaasiibii'ige,vai,erase things; hg ingaasiibii'ige; prt gayaasiibii'iged
2310,gaasiidoone'o,vai,wipe one's mouth; hg ingaasiidoone'; prt gayaasiidoone'od gaasii' /gaasii'w-/ vta wipe s.o. using something; hg ingaasii'waa; pn gayaasii'waad
2311,gaasii'an,vti,wipe s.t. using something; Isg ingaasii'aan; prt gayaasii'ang
2312,gaasii'ige,vai,wipe things using something; hg ingaasii'ige; pn gayaasii'iged
2313,gaasiinaagane,vai,wipe dishes; Isg ingaasiinaagane; prt gayaasiinaaganed
2315,gaaskanazo,vai,whisper; hg ingaaskanaz; prt gayaaskanazod
2316,gaaskanazootaw,vta,whisper to s.o.; hg ingaaskanazootawaa; pn gayaaskanazootawaad
2318,gaaskaaska'an,vti,scrape s.t. using something; hg ingaaskaaska'aan; pn gayaaskaaska'ang
2322,gaawarn,vta,be jealous of s.o.; Isg ingaawamaa; prt gayaawamaad
2328,gaawiin,pc,"no, not negative gaawiin awiyapr nobody; also gaawiin awiiya gaawiin ganage pc not in the least gaawiin gegoo pr nothing gaawiin geyaabi pc no more, no longer gaawiin mashi pc not yet; also gaa rnashi gaawiin memwech pc it's not necessary, you don't have to gaawiin wiikaa pc never; also gaa wiikaa"
2332,ge,pc,"as for, also, too; also gaye ge- pvl future tense prefix under initial change"
2333,gegapii,pc,"after a while, eventually, finally gegaa /v nearly, almost"
2334,geget,pc,"sure, indeed, certainly, really"
2335,gego,pc,"don't gego binapc just don't gego ganage pc don't in any way gego wiikaa pc don't ever gegoo pr something inanimate definite., anything inanimate indefinite"
2336,gekek,na,hawk; pi gekekwag; dim gekekoons
2338,geshawishkaw,vta,fit s.o. loosely; Isg ingeshawishkawaa; prt gayeshawishkawaad
2339,geshawisidoon,vti2,"put s.t. loosely; Isg ingeshawisidoon; prt gayeshawisidood gete- pv4 old, old-time"
2340,gete-aya'aa,na,someone old; pi gete-aya'aag
2341,gete-ayi'ii,ni,something old; pi gete-ayi'iin
2342,geyaabi,pc,"still, yet gezikapc suddenly gezikwendam vai2 vaguely remember; Isg ingezikwendam; prt gayezikwendang"
2343,gezikwendan,vti,vaguely remember s.t.; Isg ingezikwendaan; prt gayezikwendang
2344,gezikwenim,vta,vaguely remember s.o.; Isg ingezikwenimaa; prt gayezikwenimaad gi= pre second person prefix before consonants in nouns and verbs
2345,gibadoonh,na,button; pi gibadoonyag; loc gibadoons; also gibodoonh
2346,gibagoojigan,ni,"cloth partition; pi gibagoojiganan; loc gibagoojigan ing; dim gibagoojigaans giba' /giba'w-/ vta stop s.o. up, plug s.o.; Isg ingiba'waa; prt geba'waad"
2347,giba'an,vti,"stop s.t. up, plug s.t.; Isg ingiba'aan; prt geba'ang"
2348,giba'igaade,vii,"be stopped up, be plugged; prt geba'igaadeg; aug giba'igaademagad; prt aug geba'igaademagak giba'i gaazo vai be stopped up, be plugged; prt geba*igaazod"
2349,giba'ige,vai,"stop things up, plug things; Isg ingiba'ige; prt geba'iged gibaabowe' /gibaabowe *w-/ vta put a lid on s.o.; Isg ingibaabowe'waa; pn gebaabowe'waad"
2350,gibaabowe'an,vti,put a lid on s.t.; Isg ingibaabowe'aan; prt gebaabowe'ang
2351,gibaabowe'igan,ni,pot lid; pi gibaabowe'iganan; loc gibaabowe'igan ing; dim gibaabowe'igaans
2352,gibaabowe'ige,vai,put a lid on things; Isg ingibaabowe'ige; prt gebaabowe'iged
2353,gibaakobidoon,vti2,"can s.t., pull s.t. shut (as something stick- or wood-like); Isg ingibaakobidoon; prt gebaakobidood"
2354,gibaakobijigan,ni,canned goods; pi gibaakobijiganan
2357,gibaakwa'an,vti,"shut s.t. (as or as with something stick- or wood-like), dam s.t., obstruct s.t.; Isg ingibaakwa'aan; prt gebaakwa'ang"
2358,gibaakwa'igan,ni,"dam, stopper, plug; pi gibaakwa'iganan; loc gibaakwa'iganing; dim gi baakwa' igaan s"
2359,gibaakwa'igaade,vii,be shut (as or as with something stick- or wood-like); prt gebaakwa'igaadeg; aug gibaakwa'igaademagad; pn aug gebaakwa'igaademagak
2360,gibaakwa'igaazo,vai,be imprisoned; pn gebaakwa'igaazod
2361,gibaakwa'ige,vai,"dam things, plug things; Isg ingibaakwa'ige; pn gebaakwa'iged"
2362,gibaakwa'odiiwigamig,m,"jail, prison; pi gibaakwa'odiiwigamigoon; loc gibaakwa'odii wigam igong; dim gibaakwa'odiiwigamigoons"
2364,gibichiitaa,vai,take a break; Isg ingibichiitaa; prt gebichiitaad
2365,gibide'ebizon,ni,vest; pi gibide'ebizonan; loc gibide'ebizoning; dim gibide'ebizonens gibide'ebizon (vest)
2366,gibijaane,vai,have a stuffed-up nose; Isg ingibijaane; prt gebijaaned; also gagiibijaane gibinewen ma choke s.o.; Isg ingibinewenaa; pn gebinewenaad
2370,gibishkwaande'on,ni,lodge door cover; pi gibishkwaand e'on
2372,gibitan,vai,have a nosebleed; Isg ingibitan; pn gebitang; also gibitane*
2373,gibitaneganaam,vta,bloody s.o.'s nose; Isg ingibitaneganaamaa; prt gebitaneganaamaad
2374,gibitaneshin,vai,bloody one's nose falling; Isg ingibitaneshin; pn gebitaneshing
2375,gibiiga'igan,ni,"curtain, drapes; pi gibiiga'iganan; loc gibiiga'iganing; dim gibiiga*igaans"
2376,gibiiga'iganiigin,ni,window shade; pi gibiiga'iganiiginoon; loc gibiiga'iganiiginong; dim gibiiga'iganiiginoons
2377,gibiiga'igaade,vii,be curtained; pn gebiiga'igaadeg; aug gibiiga'igaademagad; pn aug gebiiga'igaademagak gibokiwas /gibokiwasw-/ vta glue s.o. shut; Isg ingibokiwaswaa; pn gebokiwaswaad
2379,gibokiwasigaade,vii,be glued shut; pn gebokiwasigaadeg; aug gibokiwasigaademagad; prt aug gebokiwasigaademagak
2380,gibokiwasigaazo,vai,"be glued shut; pn gebokiwasigaazod giboz /gibozw-/ vta bake s.o., roast s.o. in the oven; Isg ingibozwaa; pn gebozwaad gibozan un'bake s.t., roast s.t. in the oven; Isg ingibozaan; pn gebozang"
2383,giboobijiganeyaab,ni,drawstring; pi giboobijiganeyaabiin; loc giboobijiganeyaabiing; dim giboobijiganeyaabiins
2385,giboodiyegwaazon,na,pants; pi giboodiyegwaazonag; loc giboodiyegwaazoning; dim giboodiyegwaazonens
2386,giboodiyegwaazoniigin,ni,denim; pi giboodiyegwaazoniiginoon
2388,gibwanaabaawe,vai,drown; Isg ingibwanaabaawe; pn gebwanaabaawed
2389,gibwanaamode,vii,be full of smoke; pn gebwanaamodeg; aug gibwanaamodemagad; pn aug gebwanaamodemagak gibwanaamoz /gibwanaamozw-/ vta smoke s.o. out; Isg ingibwanaamozwaa; pn gebwanaamozwaad
2390,gibwanaamozo,vai,"suffocate from smoke; Isg ingibwanaamoz; prt gebwanaamozod gichi- pv4 big, great, very; also chi-"
2392,gichi-aya'aa,na,"adult, elder; pi gichi-aya'aag"
2393,gichi-aya'aawi,vai,"be an adult, be an elder; Isg ingichi-aya'aaw; pn gechi-aya'aawid"
2394,gichi-aya'aawinaagozi,vai,look old; Isg ingichi- aya'aawinaagoz; pn gechi-aya'aawinaagozid
2398,gichi-gigizheb,pc,early in the morning
2400,gichi-manidoo-giizis,na,January; also manidoo- giizis gichi-miikana in highway; pi gichi-miikanan; loc gichi-miikanaang
2402,gichi-mookomaan,m,"large knife, butcher knife; pi gichi-mookomaanan; loc gichi- mookomaaning; dim gichi-mookomaanens"
2404,gichi-mookomaanikwe,na,white woman; pi gichi- mookomaanilcweg; dim gichi- mookomaanikwens
2405,gichi-mookomaanimo,vai,speak English; Isg ingichi-mookomaanim; prt gechi- mookomaanimod
2409,gichi-ogimaawi,vai,"be the highest leader, be a king; Isg ingichi-ogimaaw; pn gechi- ogimaawid"
2413,gichi-ziibi,ni,"big river, Mississippi River; pi gichi- ziibiwan; loc gichi-ziibiing gid=pre second person prefix before vowels in verbs and non-dependent nouns"
2414,gidagagwadaashi,na,crappie;p/ gidagagwadaashiwag; dim gidagagwadaashiins
2422,gida'an,vti,remove s.t. using something; Isg ingida'aan; prt geda'ang gidamo /gidamw-/ vta eat up s.o.; Isg ingidamwaa; prt gedamwaad
2426,gidimaagenim,vta,pity s.o.; Isg ingidimaagenimaa; prt gedimaagenimaad
2428,gidimaaginaagwad,vii,look poor; prt gedimaaginaagwak
2431,gidiskibidoon,vti2,"pull s.t. free, disconnect s.t. with hands; Isg ingidiskibidoon; prt gediskibidood gidiskibizh /gidiskibiN-/ vta pull s.o. free, discon- nect s.o. with hands; Isg ingidiskibinaa; prt gediskibinaad"
2438,gigaatigwaan,ni,sliver (in one's body); pi gigaatigwaanan; loc gigaatigwaaning; dim gigaatigwaanens
2440,gigibabagiwayaane,vai,"wear a shirt; Isg ingigibabagiwayaane; pn gegibabagiwayaaned gigibabiinzikawaagane zw; wear a coat; Isg ingigibabiinzikawaagane; prt gegibabiinzikawaaganed gigigiboodiyegwaazone »ai wear pants; Isg ingigigiboodiyegwaazone; prt gegigiboodiyegwaazoned gigiminjikaawane DOZ wear mittens; Isg ingigiminjikaawane; prt gegiminjikaawaned gigishkan zitibear s.t. on one's body, have s.t. on one's body; Isg ingigishkaan; prt gegishkang"
2443,gigishkaajige,vai,be pregnant; Isg ingigishkaajige; prt gegishkaajiged
2444,gigizheb,pc,in the morning
2445,gigizhebaa-miijin,vti3,eat s.t. for breakfast; Isg ingigizhebaa-nniijin; prt gegizhebaa-miijid
2448,gijibidoon,vti,"remove s.t. with hands, pull s.t. off; Isg ingijibidoon; prt gejibidood gijibizh /gijibiN-/ vta remove s.o. with hands, pull s.o. off; Isg ingijibinaa; prt gejibinaad"
2452,gijinagizhiin,vta,"disembowel s.o., gut s.o.; Isg ingijinagizhiinaa; prt gejinagizhiinaad"
2454,gijipizonaabik,ni,belt buckle; pi gijipizonaabikoon; loc gijipizonaabikong; dim gijipizonaabikoons gijipizonens in fan belt; loc gijipizonensing
2463,gikinawaaji',vta,mark s.o.; Isg ingikinawaaji'aa; prt gekinawaaji'aad gikinawaaji toon vti2 mark s.t.; Isg ingikinawaajitoon; prt gekinawaajitood
2465,gikinoo'amaw,vta,teach (s.t.) to s.o.; Isg ingikinoo'amawaa; prt gekinoo'amawaad
2466,gikinoo'amaadizo,vai,teach oneself; Isg ingikinoo'amaadiz; prt gekinoo'amaadizod
2467,gikinoo'amaadii-mazina'igan,ni,schoolbook; loc gikinoo'amaadii-mazina'iganing; t/m? gikinoo'amaa.dii-mazina'igaans
2469,gikinoo'amaagan,na,student;/)/ gikinoo'amaaganag; dim gikinoo'amaagaans
2470,gikinoo'amaage,vai,teach; Isg ingikinoo'amaage; prt gekinoo'amaaged
2471,gikinoo'amaagewikwe,na,teacher (female); pi gikinoo'amaagewikweg gikinoo'amaage win in i na teacher; pi gikinoo'amaagewininiwag
2472,gikinoo'amaagozi,vai,"be taught, go to school; Isg ingikinoo'amaagoz; prt gekinoo'amaagozid"
2473,gikinoonowagad,vii,a year passes; prt gekinoonowagak
2474,gikinoonowin,ni,year
2476,gikiwe'on,ni,flag; pi gikiwe'onan; loc gikiwe'oning; dim gikiwe'onens
2479,gi,m,iwanoowayaane ns
2484,ginagijiin,vta,tickle s.o. (at the mid-section); Isg inginagijiinaa; prt genagijiinaad
2485,gina'amaw,vta,"forbid s.o. to, warn s.o. against (s.t.); Isg ingina'amawaa; prt gena'amawaad gina'amaadim /gina'amaadi-/ vai there is a prohibition, it is forbidden; pn gena'amaading"
2487,ginebigwayaan,na,snakeskin; pi ginebigwayaanag; loc ginebigwayaan ing; dim ginebigwayaanens
2488,ginigawin,vta,mix s.o.; Isg inginigawinaa; prt genigawinaad
2491,ginigawinigaazo,vai,be mixed; prt genigawinigaazod
2493,ginigawisin,vii,be mixed; prt genigawising
2494,ginigawiwebin,vta,mix s.o. by shaking; Isg inginigawtwebinaa; prt genigawiwebinaad
2495,ginigawiwebinan,vti,mix s.t. by shaking; Isg inginigawiwebinaan; prt genigawiwebinang
2497,ginjiba'iwe,vai,"flee from people, run away from people; Isg inginjiba'iwe; prt genjiba'iwed ginjida' /ginjida'w-/ vta tap s.o. in, pound s.o. in; Isg inginjida'waa; prt genjida'waad"
2498,ginjida'an,vti,"tup s.t. in, pound s.t. in; Isg inginjida'aan; prt genjida'ang"
2499,ginoodaawangaa,vii,be a long stretch of sand beach; prt genoodaawangaag; aug ginoodaawangaamagad; prt aug genoodaawangaamagak ginoo* vta make s.o. long; Isg inginoo'aa; prt genoo'aad
2509,ginwaako-apabiwin,ni,"couch; pi ginwaako- apabiwinan; loc ginwaako-apabiwining; dim ginwaako-apabiwinens ginwaakozi vaibe tall (of a person), be long (as something wood or stick-like); Isg inginwaakoz; prt genwaakozid"
2511,ginwaatoon,vti2,make s.t. long; Isg inginwaatoon; prt genwaatood
2513,ginwegi',vta,make s.o. long (as something sheet- like); Isg inginwegi'aa; pn genwegi'aad
2514,ginwegitoon,vti2,make s.t. long (as something sheet-like); Isg inginwegitoon; prt genwegitood
2516,ginwenzh,pc,for a long time
2517,ginzhizhawizi,vai,be a hard worker; Isg inginzhizhawiz; prt genzhizhawizid
2518,gipagawe,vai,have thick fur; prt gepagawed
2524,gipagaakwadin,vii,be frozen thick; prt gepagaakwading
2525,gipagaakwaji,vai,be frozen thick; prt gepagaakwajid
2533,gitigaadan,vti,plant s.t.; Isg ingitigaadaan; prt getigaadang
2534,gitigaade,vii,be planted; prt getigaadeg; aug gitigaademagad; pn aug getigaademagak
2537,gitigaazo,vai,be planted; pn getigaazod
2542,gitizi,vai,be older; prt getizid gizhaabikiz /gizhaabikizw-/ via heat s.o. (as something mineral); Isg ingizhaabikizwaa; prt gezhaabikizwaad gizhaabikizan ftt'heat s.t. (as something mineral); Isg ingizhaabikizaan; prt gezhaabikizang
2545,gizhaadan,vti,"guard s.t., watch over s.t.; Isg ingizhaadaan; prt gezhaadang"
2553,gizhaawenim,vta,be jealous of s.o.; hg ingizhaawenimaa; prt gezhaawenimaad
2554,gizhaawenjige,vai,"be jealous of things; hg ingizhaawenjige; prt gezhaawenjiged gizhaazh /gizhaaN-/ vta guard s.o., watch over s.o.; hg ingizhaanaa; pn gezhaanaad gizhe-manidoo no, God (especially in Christian usage)"
2557,gizhibaabise,vai,"spin, whirl, revolve; prt gezhibaabised"
2558,gizhibaabise,vii,"spin, whirl, revolve; prt gezhibaabiseg; aug gizhibaabisemagad; prt aug gezhibaabisemagak"
2578,gizizan,vti,heat s.t.; hg ingizizaan; pn gezizang giziibiiga' /giziibiiga'w-/ vta wash s.o. using something; hg ingiziibiiga'waa; pn geziibiiga'waad
2579,giziibiiga'an,vti,wash s.t. (clothes); hg ingiziibiiga'aan; prt geziibiiga'ang
2580,giziibiiga'igan,ni,soap; pi giziibiiga'iganan; he giziibiiga'iganing; dim giziibiiga'igaans
2581,giziibiiga'ige,vai,"wash things, wash clothes; hg ingiziibiiga'ige; pn geziibiiga'iged"
2582,giziibiiga'ige-makak,ni,"washtub, washing machine; pi giziibiiga'ige-makakoon; he giziibiiga'ige-makakong; dim giziibiiga'ige- makakoons"
2583,giziibiiga'igewigamig,ni,laundromat; pi giziibiiga'igewigamigoon; loc giziibiiga'igewigamigong; dim giziibiiga'igewigamigoons
2585,giziibiigazhewaaboo,ni,rubbing alcohol
2587,giziibiiginakokwe,vai,"wash pail, wash kettle; hg ingiziibiiginakokwe; prt geziibiiginakokwed"
2590,giziibiiginaaganewaaboo,ni,liquid detergent
2592,giziibiigindiben,vta,wash s.o.'s hair; hg ingiziibiigindibenaa; prt geziibiigindibenaad
2597,giziibiigiingwewinaagan,ni,wash basin; loc giziibiigiingwewinaaganing; dim giziibiigiingwewinaagaans
2604,giziidoone'on,ni,napkin; pi giziidoone'onan; he giziidoone'oning; dim giziidoone'onens
2605,giziin,vta,wipe s.o. by hand; Isg ingiziinaa; prt geziinaad
2606,giziinan,vti,wipe s.t. by hand; Isg ingiziinaan; prt geziinang
2607,giziindime'o,vai,wipe oneself after defecating; Isg ingiziindime'; prt geziindime'od giziindime'on in toilet tissue; pi giziindime'onan; loc giziindime'oning; dim giziindime'onens
2608,giziingwe'o,vai,"wipe one's face with something; Isg ingiziingwe""; prt geziingwe'od"
2609,giziingwe'on,ni,towel; pi giziingwe'onan; loc giziingwe'oning; dim giziingwe'onens
2610,giziininjii'on,ni,napkin; pi giziininjii'onan; loc giziininjii'oning; dim giziininjii'onens
2611,giziiyaabide'o,vai,brush one's teeth; Isg ingiziiyaabide'; pn geziiyaabide'od
2612,giziiyaabide'odizo,vai,brush one's teeth; Isg ingiziiyaabide'odiz; prt geziiyaabide'odizod
2613,giziiyaabide'on,ni,toothbrush; pi giziiyaabide'onan; loc giziiyaabide'oning; dim giziiyaabide'onens
2614,giziiyaabika'igan,ni,dish towel; pi giziiyaabika'iganan; loc giziiyaabika'iganing; dim giziiyaabika'igaans gii- pvl past verb prefix
2615,giichibabagiwayaane,vai,take off one's shirt; Isg ingiichibabagiwayaane; prt gaachibabagiwayaaned
2616,giichibabiinzikawaagane,vai,take off one's coat; Isg ingiichibabiinzikawaagane; pn gaachibabiinzikawaaganed
2617,giichigiboodiyegwaazone,vai,take off one's pants; Isg ingiichigiboodiyegwaazone; prt gaachigiboodiyegwaazoned
2618,giichigobidoon,vti2,pull s.t. off; Isg ingiichigobidoon; prt gaachigobidood giichigobizh /giichigobiN-/ vta pull s.t. off; Isg ingiichigobinaa; prt gaachigobinaad
2620,giichigwam,vta,pull s.o. off with teeth; Isg ingiichigwamaa; prt gaachigwamaad
2621,giichigwandan,vti,pull s.t. off with teeth; Isg ingiichigwandaan; prt gaachigwandang
2622,giichiminjikaawane,vai,take off one's mittens; Isg ingiichiminjikaawane; pn gaachiminjikaawaned
2623,giichiwakwaane,vai,take off one's hat; Isg ingiichiwakwaane; prt gaachiwakwaaned
2624,giige,vai,heal up; Isg ingiige; prt gaaged
2630,giigoonhwaaboo,ni,fish soup; loc giigoonhwaaboong
2634,gii',vta,"get away from s.o., escape from s.o.; Isg ingii'aa; prt gaa'aad"
2635,gii'igoshimo,vai,fast for a vision; Isg ingiPigoshim; prt gaa'igoshimod
2636,gii'iwe,vai,escape from people; Isg ingii'iwe; pn gaa'iwed
2638,giikanaamode,vii,be smoky inside; pn gaakanaamodeg; aug giikanaamodemagad; pn aug gaakanaamodemagak
2641,giikimanizi,vai,"feel numb, tingle; Isg ingiikimaniz; pn gaakimanizid giikiibingwashi vaibt sleepy; Isg ingiikiibingwash; prt gaakiibingwashid"
2644,giimaadoode,vai,creep away; 7s^ingiimaadoode; pn gaamaadooded
2647,giimoodad,vii,be secret; prt gaamoodak
2650,giimooj,pc,secretly
2654,giiniboodoon,vti2,file s.t. sharp; hg ingiiniboodoon; pn gaaniboodood giiniboozh /giinibooN-/ vta file s.o. sharp; hg ingiiniboonaa; pn gaaniboonaad giinitam pr your turn second person singular personal pronoun giinitamawaa pr your turn second person plural personal pronoun giinitamawind pr our turn first person inclusive personal pronoun
2656,giishkada'igan,ni,"cleaver, chopping tool; pi giishkada'iganan; loc giishkada'iganing; dim giishkada'igaans"
2658,giishka'aakwe,vai,cut timber; Isg ingiishka'aakwe; prt gaashka'aakwed
2659,giishka'aakwewigamig,ni,lumber camp; pi giishka'aakwewigamigoon; loc giishka'aakwewigamigong; dim giishka'aakwewigamigoons
2660,giishka'aakwewinini,na,"lumberjack, logger;/)/ giishka'aakwewininiwag"
2664,giishkashkimod,ni,cedar bark bag; pi giishkashkimodan; loc giishkashkimodaang; dim giishkashkimodens
2667,giishkaamikaa,vii,there is a drop-off; pn gaashkaamikaag; aug giishkaamikaamagad; pn aug gaashkaamikaamagak
2668,giishkaazhibikaa,vii,there is a rock cliff; prt gaashkaazhibikaag; aug giishkaazhibikaamagad; pn aug gaashkaazhibikaamagak
2669,giishkibidoon,vti2,tear s.t. off; Isg ingiishkibidoon; prt gaashkibidood
2673,giishkiboodoon,vti2,saw s.t. off; Isg ingiishkiboodoon; prt gaashkiboodood
2676,giishkiga'an,vti,chop s.t. off; Isg ingiishkiga'aan; pn gaashkiga'ang
2677,giishkiganzhiikonidizo,vai,cut one's own nails; Isg ingiishkiganzhiikonidiz; prt gaashkiganzhiikonidizod
2678,giishkijiin,vta,"hug s.o., embrace s.o.; Isg ingiishkijiinaa; pn gaashkijiinaad giishkijiinidiwag /giishkijiinidi-/ vai they hug each other, they embrace each other; Ipl ingiishkijiinidimin; pn gaashkijiinidijig"
2679,giishkijiiwagooday,ni,skirt; pi giishkijiiwagoodayan; dim giishkijiiwagoodayens
2689,giishkizhodizo,vai,cut oneself; Isg ingiishkizhodiz; pn gaashkizhodizod
2691,giitagoode,vai,take off one's dress; Isg ingiitagoode; pn gaatagooded
2693,giiwanaadingwaam,vai,"have a bad dream, have a nightmare; Isg ingiiwanaadingwaam; pn gaawanaadingwaang"
2695,giiwanaadiziiwigamig,ni,mental hospital; pi giiwanaadiziiwigamigoon; loc giiwanaadiziiwigamigong
2700,giiwashkwe'ogo,vai,be seasick; hg ingiiwashkwe'og; prt gaawashkwe'ogod giiwashkweshin vaibe knocked senseless in impact; hg ingiiwashkweshin; prt gaawashkweshing
2705,giiwedaabii'iwe,vai,drive home; hg ingiiwedaabii'iwe; pn gaawedaabii'iwed
2708,giiwe'o,vai,go home by boat; hg ingiiwe'; prt gaawe'od
2709,giiwekii,vai,return to one's own country; Isg ingiiwekii; prt gaawekiid
2710,giiwenamaw,vta,give presents to s.o. in exchange; hg ingiiwenamawaa; prt gaawenamawaad giiwenaazha' /giiwenaazha'w-/ vta tell s.o. to go home; hg ingiiwenaazha'waa; prt gaawenaazha'waad
2711,giiwenh,pc,"so the story goes, so it is said"
2712,giiwenige,vai,"give presents to relatives of someone deceased in completion of mourning on anni- versary of the death; hg ingiiwenige; prt gaaweniged giiwe-niibin rabe after mid-summer, late summer; prt gaawe-niibing"
2713,giiwewidaw,vta,"take (s.t.) home for s.o., carry (s.t.) home for s.o.; hg ingiiwewidawaa; prt gaawewidawaad"
2714,giiwewidoon,vti2,"take s.t. home, carry s.t. home; hg ingiiwewidoon; prt gaawewidood giiwewizh /giiwewiN-/ vta take s.o. home, carry s.o. home; hg ingiiwewinaa; prt gaawewinaad giiweyendam vai2 think about returning, think about going home again; hg ingiiweyendam; prt gaaweyendang"
2715,giiwitaa-ayi'ii,pc,all around it; also giiwitaayi'ii
2717,giiwitaabatwaadan,vti,run around s.t.; hg ingiiwitaabatwaadaan; prt gaawitaabatwaadang
2722,giiwitaashkode,pc,around the fire
2723,giiwitaasidoon,vti2,lay s.t. down around; hg ingiiwitaasidoon; prt gaawitaasidood
2724,giiwitaawose,vai,walk around something; hg ingiiwitaawose; prt gaawitaawosed; also giiwitaa'ose
2725,giiwitaayaazhagaame,vai,"walk around the edge, walk around a lake; hg ingiiwitaayaazhagaame; prt gaawitaayaazhagaamed"
2726,giiwizi,vai,be orphaned; hg ingiiwiz; prt gaawizid
2729,giiwosewinini,na,hunter; pi giiwosewininiwag; also giiyosewinini
2730,giiwoon,na,heart suite card; pi giiwoonag; also giiyoon
2731,giizhakidoon,vti2,finish setting s.t. up; hg ingiizhakidoon; pn gaazhakidood giizhakizh /giizhakiN-/ vta finish setting s.o. up; hg ingiizhakinaa; pn gezhakinaad
2732,giizhaa,pc,"beforehand, in advance"
2739,giizhig,ni,"sky, heaven, day; loc giizhigong"
2747,giizhi',vta,"finish s.o., finish making s.o.; hg ingiizhi'aa; prt gaazhi'aad"
2750,giizhitoon,vti2,"finish s.t., finish making s.t.; hg ingiizhitoon; prt gaazhitood"
2752,gilzhiitaa,vai,"finish a task, finish work; Isg ingiizhiitaa; prt gaazhiitaad"
2753,giizhoo'o,vai,dress warmly; hg ingiizhoo*; prt gaazhoo'od
2755,giizhoopizon,na,scarf; pi giizhoopizonag; loc giizhoopizoning; dim giizhoopizonens
2757,giizhootawage'o,vai,wear earmuffs; hg ingiizhootawage*; prt gaazhootawage'od
2758,giizhootawage'on,na,earmuff; pi giizhootawage'onag; dim giizhootawage'onens
2761,giizikaw,vta,"take s.o. off the body (e.g., clothes); Isg ingiizikawaa; prt gaazikawaad"
2762,giizikonaye,vai,"undress, take off one's clothes; Isg ingiizikonaye; prt gaazikonayed giizikonaye* vta undress s.o.; Isg ingiizikonaye'aa; prt gaazikonaye'aad"
2764,giizisoo-mazina'igan,ni,calendar; pi giizisoo- mazina'iganari; loc giizisoo-mazina'iganing; dim giizisoo-miazina'igaans giiziz /giizizw-/ vta finish cooking s.o.; Isg ingiizizwaa; prt gaazizwaad
2769,go,pc,emphatic word; also igo
2772,godin,vta,test s.o. with hand; Isg ingodinaa; prt gwedinaad
2773,godinan,vti,test s.t. with hand; hg ingodinaan; pn gwedinang
2775,gojichige,vai,try things; hg ingojichige; prt gwejichiged
2776,goji'ewizi,vai,"try, make an effort; Isg ingoji'ewiz; prt gweji'ewizid"
2778,goji-nagamo,vai,practice singing; Isg \ngo\\- nagam; prt gweji-nagamod
2780,gojipijige,vai,"taste things; hg ingojipijige; prt gwejipijiged gojipozh /gojipw-/ vta take a taste of s.o., check s.o. by tasting; hg ingojipwaa; pn gwejipwaad gomaapc some amount, to a middling degree"
2781,gomaapii,pc,"for some time, some distance"
2783,gondaabiigin,vta,"put s.o. in water, dip s.o.; hg ingondaabiiginaa; pn gwendaabiiginaad"
2784,gondaabiiginan,vti,"put s.t. in water, dip s.t.; Isg ingondaabiiginaan; prt gwendaabiiginang"
2788,gopimine,vai,take wild rice inland; hg ingopimine; pn gwepimined
2789,gopiwidoon,vti2,"take s.t. inland, carry s.t. inland; hg ingopiwidoon; pn gwepiwidood gopiwizh /gopiwiN-/ vta take s.o. inland, carry s.o. inland; hg ingopiwinaa; prt gwepiwinaad"
2791,gosha,pc,emphatic panicle goshi /goS-/ vta fear s.o.; hg ingosaa; pn gwesaad goshko* vta surprise s.o.; Isg ingoshko'aa; pn gweshko'aad
2797,gotaajishki,vai,be timid; 7^ingotaajishk;prr gwetaajishkid
2799,gotigobide,vii,"roll over, go out of place; pn gwetigobideg; aug gotigobidemagad; prt aug gwetigobidemagak"
2800,gotigobidoon,vti2,"roll s.t. over, tip s.t.; Isg ingotigobidoon; pn gwetigobidood gotigobizh /gotigobiN-/ vta roll s.o. over, tip s.o.; Isg ingotigobinaa; prt gwetigobinaad"
2804,gozigwaakominagaawanzh,na,Juneberry bush; pi gozigwaakominagaawanzhiig; loc gozigwaakominagaawanzhiing; dim gozigwaakominagaawanzhiins
2805,gozikan,vii,"test s.t. with foot or body, try on s.t. (e.g., clothes); Isg ingozikaan; prt gwezikang"
2806,gozikaw,vta,"test s.o. with foot or body, try on s.o. (e.g., clothes); Isg ingozikawaa; prt gwezikawaad googa'am vai2 jump out of the water as a fish; prt gwaaga'ang"
2808,gookooko'oo,na,owl; pi gookooko'oog; dim gookooko'oons
2816,goopaji',vta,"mistreat s.o., ruin s.o.; Isg ingoopaji'aa; prt gwaapaji'aad"
2817,goopajitoon,vti2,"mistreat s.t., ruin s.t.; Isg ingoopajitoon; pn gwaapajitood"
2820,gwayak,pc,"straight, right, correct"
2821,gwayakobidoon,vti2,"pull s.t. straight, tear s.t. straight; Isg ingwayakobidoon; pn gweyakobidood"
2823,gwayakobii'an,vti,write s.t. correctly; Isg ingwayakobii'aan; pn gweyakobii'ang
2824,gwayakobii'ige,vai,write correctly; Isg ingwayakobii'ige; pn gweyakobii'iged
2825,gwayakoboodoon,vti2,saw s.t. straight; Isg ingwayakoboodoon; pn gweyakoboodood gwayakoboozh /gwayakobooN-/ vta saw s.o. straight; Isg ingwayakoboonaa; pn gweyakoboonaad
2830,gwayakokweni,vai,hold one's head straight; Isg ingwayakokwen; pn gweyakokwenid
2834,gwayakosidoon,vti2,lay s.t. straight; Isg ingwayakosidoon; pn gweyakosidood
2836,gwayakowe,vai,speak correctly; Isg ingwayakowe; prt gweyakowed gwayakozh /gwayakozhw-/ vta cut s.o. straight; Isg ingwayakozhwaa; pn gweyakozhwaad
2838,gwayako-zhooniyaa,na,"cash, ready money"
2840,gwayakwakamigaa,vii,be level ground; pn gweyakwakamigaag; aug gwayakwakamigaamagad; pn aug gweyakwakamigaamagak
2842,gwayakwaabidoo'ige,vai,bead things correctly (on a loom); 7s£ ingwayakwaabidoo'ige; prt gweyakwaabidoo'iged
2849,gwayakwendan,vti,consider s.t. right; Isg ingwayakwendaan; pn gweyakwendang
2851,gwaaba',vta,scoop s.o. up; Jji'ingwaaba'aaj^rr gwayaaba'aad
2852,gwaaba'amaw,vta,"scoop (s.t.) up for s.o., get water for s.o.; Isg ingwaaba'amawaa; prt gwayaaba'amawaad"
2853,gwaaba'an,vti,scoop s.t. up; Isg ingwaaba'aan; prt gwayaaba'ang
2854,gwaaba'ibii,vai,"draw water, scoop up water; Isg ingwaaba'ibii; pn gwayaaba'ibiid"
2855,gwaaba'igan,m,dipper; pi gwaaba'iganan; loc gwaaba'iganing; dim gwaaba'igaans
2856,gwaaba'ige,vai,"scoop up things, dip up things; Isg ingwaaba'ige; prt gwayaaba'iged"
2857,gwaaba'waawangwaan,ni,shovel (for dirt); pi gwaaba'waawangwaanan; loc gwaaba'waawangwaaning; dim gwaaba'waawangwaanens
2861,gwech,pc,"enough, sufficient"
2864,gwekendam,vai,change one's mind; Isg ingwekendam; pn gwayekendang
2867,gwekibidoon,vti2,turn s.t. with hands; Isg ingwekibidoon; prt gwayekibidood gwekibizh /gwekibiN-/ vta turn s.o. with hands; hg ingwekibinaa; pn gwayekibinaad
2876,gwekisidoon,vti2,put s.t. turned; Isg ingwekisidoon; prt gwayekisidood
2877,gwekisin,vii,turn lying in place; pn gwayekising
2880,gwekiigin,vta,turn s.o. over (as something sheet- like); Isg ingwekiiginaa; pn gwayekiiginaad
2882,gwiinawaabann,vta,fail to see s.o.; Isg ingwiinawaabamaa; pn gwaanawaabamaad
2886,gwiingwa'aage,na,wolverine; pi gwiingwa'aageg; dim gwiingwa'aagens
2887,gwiinobii,vai,be unable to find a drink; Isg ingwiinobii; prt gwaanobiid
2890,gwiishkoshwewegamide,vii,whistle from boiling; prt gwaashkoshwewegamideg; aug gwiishkoshwewegamidemagad; pn aug gwaashkoshwewegamidemagak
2891,gwiishkoshwewegamizo,vai,whistle from boiling; pn gwaashkoshwewegamizod
2894,idan,vti,"say so to s.t., speak to s.t.; Isg indidaan; prt edang"
2896,igaye,pc,"and, as for; also gaye, ge igiw* pr those animate plural demonstrative; also ingiw, ingi, agiw* igiwedig* pr those over there animate plural demonstrative'., also ingiwedig"
2903,ikonaazhikaw,vta,chase s.o. out of the way; Isg indikonaazhikawaa; prt ekonaazhikawaad
2908,ikosidoon,vti2,put s.t. out of the way; Isg indikosidoon; prt ekosidood
2910,ikoweba'an,vti,shove s.t. out of the way with something; Isg indikoweba'aan; pn ekoweba'ang
2916,ikwanagweni,vai,roll up one's sleeve; Isg indikwanagwen; prt ekwanagwenid
2920,ikwe-niimi'idiwin,ni,women's dance; pi ikwe- niimi'idiwinan
2924,imaa,pc,"there; also maa, i'imaa imbaabaa /-baabaay-/ nad my father; pi imbaabaayag"
2925,imbaabaayinaan,nad,"our father = grandfather; also imbaabaanaan, baabaanaan imbwaam /-bwaam-/ nid my thigh (back of thigh), my hindquarter; pi imbwaaman; loc imbwaaming; dim imbwaamens \n= pre first person prefix before d-,j- g-, z, zh-\ also } nin=, n= ma. pc yes-no question word; also na"
2929,inagindamaw,vta,set a certain price on (s.t.) for s.o.; /^;Mndinagindamawaa;/<r/ e nagi n d amawaad
2934,inagoodoon,vti2,hang s.t. a certain way; Isg indinagoodoon; prt enagoodood
2935,ina'adoon,vti2,follow s.t. as a trail to a certain place; Isg indina'adoon; prt ena'adood ina'am vai2 sing a certain way; Isg indina'am; pn ena'ang ina'azh /ina'aN-/ vta follow s.o.'s trail to a certain place; Isg indina'anaa; pn ena'anaad
2936,ina'e,vai,shoot in a certain way or place; Isg indina'e; prt ena'ed
2937,ina'o,vai,paddle to a certain place; Isg indina'; prt ena'od
2938,ina'oodoo,vai,pole a boat to a certain place; Isg indina'oodoo; pn ena'oodood
2939,ina'oodoon,vti2,take s.t. to a certain place by boat; Isg indina'oodoon; pn ena'oodood ina'oozh /ina'ooN •/ ma take s.o. to a certain place by boat; Isg inclina'oonaa; pn ena'oonaad
2943,inamanji'o,vai,feel a certain way; Isg indinamanji'; prt enamanji'od inamon /inamo-/ vii lead to a certain place (as a road or trail); pn enamog
2950,inaabajichige,vai,use things a certain way; Isg indinaabajichige; pn enaabajichiged
2951,inaabaji',vta,use s.o. a certain way; Isg indinaabaji'aa; pn enaabaji'aad
2952,inaabajitoon,vti2,use s.t. a certain way; Isg indinaabajitoon; prt enaabajitood
2955,inaabaminaagwad,vii,appear a certain way (espe- cially as in a dream); pn enaabaminaagwak inaabandam vai2 dream a certain way; Isg indinaabandarn; pn enaabandang
2957,inaabasige,vai,send smoke to a certain place; Isg indinaabasige; pn enaabasiged
2962,inaabiwin,ni,lightning
2964,inaabiigin,vta,string s.o. a certain way; Isg inaabiiginaa; pn enaabiiginaad
2965,inaabiiginan,vti,string s.t. a certain way; Isg indinaabiiginaan; prt enaabiiginang
2966,inaabiigizi,vai,be a certain way (as something string-like); pn enaabiigizid
2970,inaada'e,vai,skate to a certain place; Isg indinaada'e; pn enaada'ed
2977,inaaginigaazo,vai,be bent a certain way; prt enaaginigaazod
2985,inaakonan,vti,"decide a certain way about s.t., judge s.t. a certain way; Isg indinaakonaan; prt enaakonang"
2986,inaakonigaade,vii,"be decided in a certain way, be decreed a certain way; prt enaakonigaadeg; aug inaakonigaademagad"
2987,inaakonigaazo,vai,"be judged a certain way, be sentenced a certain way; pn enaakonigaazod"
2988,inaakonige,vai,"make a certain judgement, decide things a certain way, agree on something; Isg indinaakonige; prt enaakoniged"
2990,inaakozi,vai,be a certain way (as something stick- or wood-like); prt enaakozid
3002,inaawadoon,vti2,haul s.t. to a certain place; Isg indinaawadoon; prt enaawadood inaawanidiwag /inaawanidW vailhey travel in a group to a certain place; Ipl indinaawanidimin; prt enaawanidijig inaawazh /inaawaN-/ vta haul s.o. to a certain place; Isg indinaawanaa; prt enaawanaad
3005,indawaaj,pc,"therefore, consequently, rather, preferably indawemaa /-dawemaaw-/ nad my sibling of the opposite sex (brother or sister), my parallel cousin of the opposite sex; pi indawemaag inday /-day-/ nad my dog, my horse; pi indayag; dim in day ens indaamikan /-daamikan-/ nid my chin, my jaw; pi indaamikanan; loc indaamikanaang indaan /-daan-/ nad my daughter; pi indaanag; also indaanis indaangoshenh /-daangosheny-/ nad my (fe- male's) female cross-cousin (mother's brother's daughter or father's sister's daughter); pi i n d aan gosh e nyag indaangwe /-daangwew-/ nad my (female's) sister- in-law, my (female's) female friend; pi indaangweg indaanis /-daanis-/ nad my daughter; pi indaanisag; loc indaanisens; also indaan indede /-dedey-/ nad my father; pi indedeyag"
3006,indedeyinaan,nad,our father = grandfather inde' /-de'-/ nid my heart; pi inde'an; loc indexing indenaniw /-denaniw-/ nid my tongue; pi indenaniwan; loc indenaniwaang indengway /-dengway-/ nid my face; pi indengwayan; loc indengwaang indenigom /-denigom-/ nad my nostril; pi indenigomag; loc indenigom aan g
3007,indigo,pc,"just like, as if; also nindigo* indindawaa /-dindawaa-/ nad my fellow parent-in- law; pi indindawaag indinimaangan /-dinimaangan-/ mdmy shoulder; pi indinimaanganan; loc indinimaanganaang indiniigan /-diniigah-/ nad my shoulder blade; pi indiniiganag; loc indiniiganaang indis /-disy-/ nid my navel, my umbilical cord; loc indisiing; dim indisiins"
3008,indiskweyaab,nid,"my vein; pi indiskweyaabiin indiy /-diy-/ nid my rump, my rear end; loc indiyaang; also indiyaash indoodem /-doodem-/ nad my totem, my clan; pi indoodemag indoodikosiw /-doodikosiw-/ na my kidney; pi indoodikosiwag indoodooshim /-doodooshim-/ nad my breast; pi indoodooshimag; loc indoodooshimaang indoon /-doon-/ nid my mouth; pi indoonan; loc indooning indoondan /-doondan-/ nid my heel; pi indoondanan; loc indoondanaang indooskwan /-dooskwan-/ nid my elbow; pi indooskwanan; loc indooskwanaang indoozhim /-doozhim-/ nad my parallel nephew (male's brother's son or female's sister's son); pi indoozhimag indoozhimikwem /-doozhimikwem-/ nad my stepdaughter; pi indoozhimikwemag indoozhimis /-doozhimis-/ nad my parallel niece (male's brother's daughter or female's sister's daughter); pi indoozhimisag"
3009,ine,pc,"exclamation of denial inendam vai2 think a certain way, feel a certain way, decide, be of a certain mind, agree; Isg indinendam; prt enendang inendan un'think a certain way of s.t.; Isg indinendaan; prt enendang"
3013,inga,nad,my mother archaic; obviative ogiin
3015,ingo-anama'e-giizhik,pc,one week; also ningo- anama'e-giizhik*
3016,ingo-biboon,pc,one year; also ningo-biboon* ingo-biboonagad /ningo-biboonagad-/ vii be one year; prt nengo-biboonagak; also ningo- biboonagad * ingo-biboonagizi /ningo-biboonagizi-/ vai be one year old; Isg niningo-biboonagiz;prr nengo- biboonagizid; also ningo-biboonagizi*
3017,ingo-diba'igan,pc,"one hour, one mile; also ningo- diba'igan* ingo-diba'iganed /ningo-diba'iganed-/ vii'be one o'clock; prt nengo-diba'iganek; also ningo- diba'iganed* ingo-diba'igaans/v one minute, one acre; also n i n go-d i ba* i gaan s* ingo-dibikpc one night; also ningo-dibik* ingodingpc sometime, at one time; also ningoding*"
3018,ingodobaneninj,pc,one handful; also ningodobaneninj*
3019,ingodoninj,pc,one inch; also ningodoninj* ingodosagoons nm one thousand; also ningodosagooins*
3020,ingodozid,pc,one foot; also ningodozid*
3021,ingodooshkin,pc,one bag; also ningodooshkin*
3022,ingodwaaching,pc,six times; also n i ngodwaach i ng* ingodwaachinoon /ningodwaachin-/ we'they are six; pn nengodwaaching; also n i ngod waac h i noon * ingodwaachiwag /iningodwaachi-/ vai they are six; Ipl niningodwaachimin; prt ne ngodwaach i jig; also n ingodwaachiwag* ingodwaak nm one hundred; also ningodwaak* ingodwaasimidana nm sixty; also n i ngod waasi mi i d ana* ingodwaaso- /ningodwaaso-/ pv4 six; also ningodwaaso* i n godwaaso-an anna' e-gi izh igad /n i n godwaaso- anama'e-giizhigad-/ vii be six weeks; pn nengodwaaso-anama'e-giizhigak; also ningodwaaso-anama'e-giizhigad* ingodwaaso-anama'e-giizhikpc six weeks; also ningodwaaso-anama'e-giizhik*
3023,ingodwaaso-biboon,pc,six years; also n i n godwaaso- bi boo n* i ngod waaso-bi boo nagad /ningodwaaso- biboonagad-/ vii be six years; prt nengodwaaso-biboonagak; also ningodwaaso-lbiboonagad* ingodwaaso-biboonagizi /ningodwaaso- biboonagizi-/ vai be six years old; Isg niningodwaaso-biboonagiz; prt nengodwaaso-biboonagizid; also ningodwaaso-biboonagaizi*
3024,ingodwaaso-diba'igan,pc,"six hours, six miles; also ningodwaaso-diba'igan* ingodwaaso-diba'iganed/ningodwaaso- diba'iganed-/ vii be six o'clock; prt nengodwaaso-diba'iganek; also ningodwaaso-diba'iganed*"
3025,ingodwaaso-diba'igaans,pc,"six minutes, six acres; also ningodwaaso-diba'igaans* ingodwaaso-dibikpc six nights; also ningodwaaso- dibik* ingodwaaso-giizhik /v six days; also ningodwaaso- giizhik*"
3026,ingodwaaso-giizis,pc,six months; also n i n god waaso-gi iz i s*
3027,ingodwaasogon,pc,"six days; also ningodwaasogon* ingodwaasogonagad /ningodwaasogonagad-/ vii be six days; prt nengodwaasogonagak; also n i ngodwaasogo n agad* ingodwaasogonagizi /ningodwaasogonagizi-/ vai be the sixth day of the month, be six days old; prt nengodwaasogonagizid; also ningodwaasogonagizi*"
3028,ingodwaasoninj,pc,six inches; also n i ngodwaason i n j* ingodwaasosagoons /ningodwaasosagoons-/ nm six thousand; also ningodwaasosagoons*
3029,ingodwaasoobii'igan,na,six (card);p/ ingodwaasoobii'iganag; also ningodwaasoobii'igan*
3030,ingodwaasooshkin,pc,six bags; also n i n godwaasoosh ki n* ingodwaaswaabikpc six dollars; also n i n godwaaswaabi k* ingodwaaswaak nm six hundred; also ningodwaaswaak* ingodwaaswi nm six; also ningodwaaswi*
3031,ingodwaaswewaan,pc,"six sets, six pairs; also n i ngodwaaswewaan* ingo-giizhikpc one day; also ningo-giizhik*"
3032,ingo-giizis,pc,one month; also ningo-giizis*
3033,ingoji,pc,"somewhere, approximately, nearly; also ningoji* ingondashkway /-gondashkway-/ nid my throat; pi ingondashkway; loc ingondashkwaang ingos /-gos-/ nad my son; pi ingosag; also ingwis* ingozis /-gozis-/ nad my son; pi ingozisag; also ingwizis* ingoodaas /-goodaas-/ nid my dress; pi ingoodaasan ingwanapc it was just so, it turns out that, so it was that; also nangwana, ngwana inigaa* vta be mean to s.o., injure s.o.; Isg indinigaa'aa; prt enigaa'aad"
3036,inigokwadeyaa,vii,"be a certain width, be so wide; prt enigokwadeyaag; aug in igokwad eyaamagad; pn aug en igokwadeyaam agak"
3039,inigokwadeyaabiigizi,vai,"be a certain width (as something string-like), be so wide (as some- thing string-like); prt enigokwadeyaabiigizid"
3040,inigokwadeyaakozi,vai,"be a certain width (as something stick- or wood-like), be so wide (as something stick- or wood-like); prt enigokwadeyaakozid"
3041,inigokwadeyaakwad,vii,"be a certain width (as something stick- or wood-like), be so wide (as something stick- or wood-like); prt e n igokwad eyaakwak"
3042,inigokwadeyiigad,vii,"be a certain width (as some- thing sheet-like), be so wide (as something sheet-like); prt enigokwadeyiigak"
3043,inigokwadeyiigizi,vai,"be a certain width (as some- thing sheet-like), be so wide (as something sheet-like); prt enigokwadeyiigizid in igokwad ezi vai be a certain width, be so wide; prt enigokwadezid"
3053,inikodan,vti,slice s.t. a certain way; Isg indinikodaan; prt enikodang
3054,inikonaye,vai,"dress a certain way; hg indinikonaye; prt enikonayed inikozh /inikoN-/ vta slice s.o, a certain way; Isg indinikonaa; prt enikonaad inikwe' /inikwe'w-/ vta steer s.o. a certain way; Isg indinikwe'waa; prt enikwe'waad"
3055,inikwe'an,vti,steer s.t. a certain way; Isg indinikwe'aan; prt enikwe'ang
3062,mini,na,man; pi ininiwag; dim ininiins
3067,initan,vti,"hear s.t. a certain way, understand s.t. a certain way; hg indinitaan; prt enitang"
3068,initaw,vta,"hear s.o. a certain way, understand s.o. a certain way; Isg indinitawaa; prt enitawaad initaagozi vaibe heard a certain way, be understood a certain way; prt enitaagozid"
3086,isa,pc,emphatic word; also sa
3087,ise,pc,"for shame! ishkendam vai2 be disturbed, be upset; hg indishkendam; pn eshkendang"
3090,ishkodekaan,ni,lighter; pi ishkodekaanan; he ishkodekaaning; dim ishkodekaanens
3091,ishkodeke,vai,make a fire; hg indishkodeke; pn eshkodeked
3092,ishkode-makakoons,ni,battery; pi ishkode- makakoonsan; loc ishkode-makakoonsing
3094,ishkodewan,vii,be on fire; prt eshkodewang
3108,ishkwaa-anama'e-giizhigad,vii,be Monday; prt eshkwaa-anama'e-giizhigak; also ishkwaa- aname-giizhigad
3110,ishkwaagamizige,vai,finish boiling sap; hg indishkwaagamizige; pn eshkwaagamiziged
3111,ishkwaagaa,vii,be the last run of sap; prt eshkwaagaag; aug ishkwaagaamagad; pn aug eshkwaagaamagak
3112,ishkwaaj,pc,"last, finally"
3113,ishkwaakajanokii-giizhigad,vii,be Saturday; prt eshkwaajanokii-giizhigak
3120,ishkwaayaanimad,vii,wind dies down; prt eskwaayaanimak
3121,ishkwe-ayi'ii,pc,at the end of it; also iskweya'ii
3124,ishkwege,vai,"live at the end of town, live in the last house; Isg indishkwege; pn eshkweged"
3126,ishkwegoodoon,vti2,hang s.t. at the end; Isg indishkwegoodoon; pn eshkwegoodood
3129,ishkwenikaazo,vai,have a last name; Isg indishkwenikaaz; pn eshkwenikaazod
3130,ishkwenikaazowin,ni,last name; pi ishkwenikaazowinan
3131,ishkweninj,ni,little finger; pi ishkweninjiin
3138,ishpagindaaso,vai,charge a high price; Isg indishpagindaas; prt eshpagindaasod
3143,ishpayi'ii,pc,"above it, over it"
3147,ishpenimo,vai,"be proud, have high aspirations; Isg indishpenim; prt eshpenimod ishpi- pv4 high, advanced into a time ishpi-dibikpc late at night"
3149,ishpi-giizhigad,vii,"be late morning or early afternoon; pn eshpi-giizhigak ishpimingpc in the sky, above, in heaven"
3151,ishpimisagokaade,vii,have an upper story; prt eshpimisagokaadeg; aug ishpimisagokaademagad; pn aug eshpimisagokaademagak
3154,ishwaaso-anama'e-giizhigad,vii,be eight weeks; also nishwaaso-anama'e-giizhigad* ishwaaso-anama'e-giizhikpc eight weeks; also nishwaaso-anama'e-giizhik*
3155,ishwaaso-biboon,pc,eight years; also nishwaaso- biboon*
3157,ishwaaso-biboonagizi,vai,be eight years old; Isg indishwaaso-biboonagiz; pn eshwaaso- biboonagizid; also nishwaaso-biboonagizi*
3158,ishwaaso-diba'igan,pc,"eight miles, eight hours; also nishwaaso-diba'igan*"
3159,ishwaaso-diba'iganed,vii,be eight o'clock; pn eshwaaso-diba'iganek; also nishwaaso- diba'iganed*
3160,ishwaaso-diba'igaans,pc,"eight minutes, eight acres; also nishwaaso-diba'igaans* ishwaaso-dibik/>i eight nights; also nishwaaso- dibik*"
3161,ishwaaso-giizhik,pc,eight days; also nishwaaso- giizhik*
3162,ishwaaso-giizis,pc,eight months; also nishwaaso- giizis*
3163,ishwaasogon,pc,eight days; also nishwaasogon*
3166,ishwaasoninj,pc,eight inches; also nishwaasoninj* ishwaasosagoons nm eight thousand; also nishwaasosagoons*
3167,ishwaasozid,pc,eight feet; also nishwaasozid*
3168,ishwaasoobii'igan,na,eight (card);/)/ ishwaasoobii'iganag; also nishwaasoobii'igan*
3169,ishwaasooshkin,pc,eight bags; also nishwaasooshkin* ishwaaswaabik pt eight dollars; also nishwaaswaabik* ishwaaswaak urn eight hundred; also nishwaaswaak*
3170,ishwaaswewaan,pc,"eight sets, eight pairs; also n i sh waas we waari* ishwaaswi nm eight; also nishwaaswi* iska'ibii vaibail; Isg iindiska'ibii; prt eska'ibiid"
3173,iskaakizige,vai,run out of fuel; Isg indiskaakizige; prt eskaakiziged
3176,iskigamiziganaak,ni,frame for holding sap-boiling kettles; pi iskigamiziganaakoon; loc iskigamiziganaakong; dim iskigamiziganaakoons
3177,iskigamiziganaatig,ni,"sap-boiling pole; pi iskigamiziganaaitigoon; loc iskigamiziganaaltigong; dim iskigam izi gan aalti goo ns iskigamizige vaiboil things down (e.g., maple sap); Isg indiskigamizige; pn eskigamiziged"
3180,iwidi,pc,over there
3182,izhaamagad,vii,"go to a certain place; prt ezhaamagak Izhi /iN-/ vta say to s,o., speak so to s.o.; Isg indinaa; pn enaa.d izhi- pv3 in a certain way, to a certain place, thus, so, there"
3184,izhibii'an,vti,write s.t. a certain way; Isg indizhibii'aan; prt ezhibii'ang
3185,izhibii'igaade,vii,be written a certain way; prt ezhibii'igaadeg; aug izhibii'igaademagad; prt aug ezhibii'igaademagak
3186,izhibii'ige,vai,write things a certain way; Isg indizhibii'ige; pn ezhibii'iged
3192,izhidaabii'iwe,vai,drive to a certain place; Isg indizhidaabii'iwe; pn ezhidaabii'iwed
3193,izhidoonem,vta,point s.o. out with lips; Isg indizhidoonemaa; pn ezhidoonemaad
3196,izhi-giizhigad,vii,be a certain day of the week; pn ezhi-giizhigak
3198,izhi',vta,"cause s.o. to do something, make s.o. do something; Isg indizhi'aa; prt ezhi'aad"
3199,izhi'o,vai,dress a certain way; Isg indizhi*; prt ezhi'od
3210,izhinaago'idizo,vai,transform oneself in appearance; Isg indizhinaago'idiz; prt ezhinaago'idizod
3211,izhinaagotoon,vti2,make s.t. look a certain way; Isg indizhinaagotoon; pn ezhinaagotood
3213,izhinikaade,vii,be named a certain way; pn ezhinikaadeg; aug izhinikaademagad; prt aug ezhinikaademagak izhinikaazh /izhinikaaN-/ vta name s.o. a certain way; Isg indizhinikaanaa; prt ezhinikaanaad
3217,izhinizha'amaw,vta,send (s.t.) to s.o. to a certain place; Isg indizhinizha'amawaa; prt ezhinizha'amawaad
3218,izhinizha'an,vti,send s.t. to a certain place; Isg indizhinizha'aan; prt ezhinizha'ang
3219,izhinizha'igaade,vii,be sent to a certain place; prt ezhinizha'igaadeg; aug izhinizha'igaademagad; prt aug ezhinizha'igaademagak
3220,izhinizha'igaazo,vai,be sent to a certain place; pn ezhinizha'igaazod
3223,izhinoo',vta,point to s.o. a certain way; hg indizhinoo'aa; pn ezhinoo'aad
3224,izhinoo'amaw,vta,point to (s.t.) for s.o.; hg indizhinoo'amawaa; pn ezhinoo'amawaad
3225,izhinoo'an,vti,point to s.t. a certain way; hg indizhinoo'aan; prt ezhinoo'ang
3226,izhinoo'iganinj,ni,index finger; pi izhinoo'iganinjiin
3231,izhisidoon,vti2,"lay s.t. a certain way, set s.t. a certain way; Isg indizhisidoon; pn ezhisidood"
3234,izhitoon,vti2,"cause s.t. to, make s.t. a certain way; hg indizhitoon; pn ezhitood izhitwaa vat have a certain custom, practice a cer- tain religion; Isg indizhitwaa; pn ezhitwaad"
3236,izhiwebizi,vai,"behave a certain way, have certain things happen to one, fare a certain way; hg indizhiwebiz; prt ezhiwebizid"
3238,izhiwidoon,vti2,"take s.t. to a certain place, carry s.t. to a certain place; hg indizhiwidoon; pn ezhiwidood"
3241,izhi-wiindan,vti,"call s.t. a certain way, name s.t. a certain way; hg indizhi-wiindaan; pn ezhi- wiindang"
3247,iidog,pc,"maybe, must be J jachakan= < jakan="
3249,jakiiwii,vai,strain self in lifting; hg injakiiwii; pn jekiiwiid jaachaag= < jaag=
3251,jaaga'e,vai,use up all of the ammunition; hg injaaga'e; pn jayaaga'ed
3252,jaagaabaji',vta,use s.o. up; hg injaagaabaji'aa; pn jayaagaabaji'aad
3253,jaagaabajitoon,vti2,use s.t. up; hg injaagaabajitoon; prt jayaagaabajitood
3262,jaagizhooniyaaweshiin,vai,use up all of the money; Isg injaagizhooniyaaweshin; pn jayaagizhooniyaaweshing
3263,jaagizige,vai,use up all of the ammunition; Isg injaagizige; pn jayaagiziged
3266,jaangate,vii,be a corner of a room; pn jayaangateg; aug jaangatemagad; prt aug jayaangatemagak
3268,jejiibajikii,na,elephant; pi jejiibajikiig; dim jejiibajikiins
3270,jeko-mazina'igan,ni,"check; pi jeko- mazina'iganan; loc jeko-mazina'iganing; dim jeko-mazina'igaans ji- pvl that, so that, in order to; future and modal prefix in unchanged conjunct jibwaa-p»7 before; also ji-bwaa-"
3272,jlibadaakogaabawi,vai,stand stiffly; Isg injiibadaakogaabaw; pn jaabadaakogaabawid
3275,jiibajigaade,vai,have a stiff leg; Isg injiibajigaade; pn jaabajigaaded
3276,jiibajigwayawe,vai,have a stiff neck; Isg injiibajigwayawe; pn jaabajigwayawed
3277,jiibajinike,vai,have a stiff arm; Isg injiibajinike; pn jaabajiniked
3279,jiibayaki,ni,"graveyard, cemetery; pi jiibayakiin; loc jiibayakiing; dim jiibayakiins"
3280,jiibayaatig,na,grave marker; pi jiibayaatigoog; loc jiibayaatigong; dim jiibayaatigoons
3289,jiibenaake,vai,have a feast honoring the dead; Isg injiibenaake; prt jaabenaaked
3290,jiibtingweni,vai,wink; Isg injiibiingwen; pn jaabiingwenid
3291,jiibiingwetaw,vta,wink at s.o.; Isg injiibiingwetawaa; prt jaabiingwetawaad
3293,jiichiibizideni,vai,tap one's foot; Isg injiichiibiziden; pn jaachiibizidenid
3294,jiichiibiingwetaw,vta,wink at s.o.; Isg injiichiibiingwetawaa; prt jaachiibiingwetawaad jiichiigaawiganebizh /jiichiigaawiganebiN-/ vta scratch s.o.'s back; /seinjiichiigaawiganebinaa; prt jaachiigaawiganebinaad
3295,jiichiigibidoon,vti2,scratch s.t. (leaving a visible mark); Isg injiichiigibidoon; pn jaachiigibidood jiichiigibizh /jiichiigibiN-/ vta scratch s.o. (leaving a visible mark); Isg injiichiigibinaa; prt jaachiigibinaad
3296,jiichiigii,vai,"scratch (leaving a visible mark); Isg injiichiigii;p,rjaachiigiid"
3297,jiichiigom,na,wart; pi jiichiigomag
3298,jiichiigwam,vta,chew on s.o.; Isg injiichiigwamaa; pn jaachiigwamaad
3299,jiichiigwandan,vti,chew on s.t.; Isg injiichiigwandaan; prt jaachiigwandang
3300,jiichiigwanjige,vai,chew on things; Isg injiichiigwanjige; pn jaachiigwanjiged
3301,jiichiishkinzhe'igan,ni,fire poker; pi jiichiishkinzhe'iganan; loc jiichiishkinzhe'iganing; dim jiichiishkinzhe'igaans
3303,jiigada'igan,ni,broom; pi jiigada'iganan; loc jiigada'iganing; dim jiigada'igaans jiiga'azh /jiiga'aN-/ vta scale s.o.; Isg injiiga'anaa; pn jaaga'anaad
3304,jiiga'e,vai,scale fish; Isg injiiga'e; pn jaaga'ed
3305,jiigashkosiw,pc,by a meadow
3306,jiigayi'ii,pc,"by it, along it"
3307,jiigaakwaa,pc,near the woods
3308,jiigaatig,pc,"by a tree, by a wall jiigewpc along the shore"
3312,jiigewedaabii'iwe,vai,drive along the shore; Isg injiigewedaabii'iwe; pn jaagewedaabii'iwed jiigewe'am vai2 paddle along the shore; Isg injiigewe'am; pn jaagewe'ang
3313,jiigewe'o,vai,paddle along the shore; Isg injiigewe'; pn jaagewe'od
3315,jiigeweyaazhagaame,vai,walk along the shore; Isg injiigeweyaazhagaame; pn jaageweyaazhagaamed
3316,jiigeweyaazhagaamebatoo,vai,run along the shore; Isg injiigeweyaazhagaamebatoo; pn jaageweyaazhagaamebatood
3317,jiigi-,pn,"near, by"
3318,jiigibiig,pc,"along the shore, by the water jiigigamigpc by a house"
3319,jiigikana,pc,by a road or trail
3320,jiigishkode,pc,by a fire
3321,jiigishkwaand,pc,by a door
3324,jiime,vai,"go by canoe, paddle; Isg injiime; pn jaamed"
3329,jiisakiiwinini,na,seer who uses a shaking tent; pi jiisakiiwininiwag
3330,jiishada'igan,ni,broom; pi jiishada'iganan; loc jiishada'iganing; dim jiishada'igaans
3331,jiishada'ige,vai,"sweep; Isg injiishada'ige; pn jaashada'iged jiishakamiga'igan in rake; pi jiishakamiga'iganan; loc jiishakamiga'iganing; dim jiishakamiga'igaans jiishaakwa* /jiishaakwa'w-/ vta scrape s.o. to remove hair (e.g., a hide); Isg injiishaakwa'waa; pn jaashaakwa'aad"
3332,jiishaakwa'igan,ni,hide scraper; pi jiishaakwa'iganan
3333,jiishaakwa'ige,vai,scrape hides; Isg injiishaakwa'ige; pn jaashaakwa'iged jiisibizh /jiisibiN-/ vta pinch s.o.; Isg injiisibinaa; pn jaasibinaad
3334,jiiskinikebizo,vai,"wear a bracelet, wear arm garters; Isg injiiskinikebiz; pn jaaskinikebizod"
3335,jiiskinikebizon,ni,"arm garter, bracelet; pi jiiskinikebizonan; loc jiiskinikebizoning; dim jiiskinikebizonens M"
3338,madaabiiwidoon,vti2,"take s.t. to the shore, carry s.t. to the shore; Isg nimadaabiiwidoon; pn medaabiiwidood madaabiiwizh /madaabiiwiN-/ vta take s.o. to the shore, carry s.o. to the shore; Isg nimadaabiiwinaa; pn medaabiiwinaad madaagamin /madaagami-/ vii be turbulent water; pn medaagamig"
3339,madoodiswan,ni,sweat lodge; pi madoodiswanan; loc madoodiswaning
3344,madwegamide,vii,make noise boiling; pn medwegamideg; aug madwegamidemagad; pn aug medwegamidemagak
3345,madwegamijii,vai,one's stomach growls; Isg nimadwegamijii; pn medwegamijiid
3347,madwe'an,vti,drum on s.t.; Isg nimadwe'aan; pn medwe'ang
3348,madwejiwan,vii,"be heard flowing (e.g., a rapids); pn medwejiwang"
3349,madwekwadin,vii,be heard cracking (as ice); prt medwekwading
3350,madwengwaam,vai,"make noise in one's sleep, snore; Isg nimadwengwaam; pn medwengwaang"
3352,madwesagishin,vai,"be heard falling on the floor, be heard walking on the floor; Isg nimadwesagishin; prt rnedwesagishing"
3353,madweshin,vai,"ring, make noise hitting; Isg nimadweshin; prt medweshing madwesidoon vtt2 nag s.t., make noise hitting s.t.; hg nimadwesidoion; prt medwesidood"
3356,madwetaa,vai,be heard in an activity; Isg nimadwetaa; prt medwetaad
3358,madweweehigan,ni,"musical instrument, piano, organ; pi madwewechiganan; loc madwewechigariing; dim madwewechigaans"
3359,madwewechige,vai,"make sounds on things, play music; Isg nimadwewechige; prt medwewechiged"
3360,madwewetaw,vta,play music for s.o.; Isg nimadwewetawaa; prt medwewetawaad; also madwewetamaw
3361,madwewetoon,vti2,"make sounds on s.t., make noise on s.t.; Isg nimadwewetoon; prt medwewetood"
3362,madweyaabiigibijigain,ni,guitar; pi madweyaabiigibijiganan; loc madweyaabiigibijiganing; dim madweyaabiigibijigaans
3365,ma'iingan,na,wolf; pi ma'iinganag; dim ma'iingaans
3366,ma'iinganasim,na,German shepherd; pi ma'iinganasimoog; dim ma'iinganasimoons
3367,ma'iinganiwayaan,na,wolf hide; pi ma'iinganiwayaanag; loc ma'iinganiwayaaning; dim ma'iinganiwayaanens maji- pv4 bad
3369,majigoode,ni,dress; pi majigoodeyan
3371,maji-manidoo,na,"evil manitou, devil; pi maji- manidoog; dim nnaji-manidoons"
3372,maji-manidoowaadizi,vai,"be evil, be possessed by an evil spirit; hg nimaji-manidoowaadiz; prt meji-manidoowaadizid"
3379,makadeshib,na,black duck; pi makadeshibag; dim makadeshibens
3392,makadewi'o,vai,wear black; hg nimakadewi'; prt mekadewi'od
3395,makade-wiiyaas,na,"Black person, person of African descent; pi makade-wiiyaasag"
3396,makade-wiiyaasikwe,na,"Black woman, woman of African descent; pi makade-wiiyaasikweg"
3399,makakoke,vai,"make a box, make a birch bark basket; Isg nimakakoke; prt mekakoked"
3401,rnakandwe,vai,"rob people, take captives; Isg nimakandwe; prt mekandwed"
3405,makizinataagewin,ni,moccasin game
3408,makominagaawanzh,na,mountain ash; pi makominagaawanzhiig; loc makominagaawanzhiing; dim makominagaawanzhiins
3411,makwasaagim,na,bear paw snowshoe; pi makwasaagimag; loc makwasaagiming; dim makwasaagimens mamadweyaashkaa vu roar (as waves); prt memadweyaashkaag; aug mamadweyaashkaamagad; prt aug memadweyaashkaamagak mamagoniishkwe vaihave the mumps; Isg nimamagoniishkwe; prt memagoniishkwed
3412,mamakiziwin,ni,smallpox mamakii* vta allot s.o. land; Isg nimamakii'aa; prt memakii'aad mamakii'idim /mamakii'idi-/ vai there is an allotment of land; prt memakii'iding
3415,mamaajide'eshkaa,vai,have a heart attack; Isg nimamaajide'eshkaa; prt memaajide'eshkaad
3420,mamaandaagochigewin,ni,"circus, carnival; pi mamaandaagochigewinan mamaandid= < mindid= mamaandidowag /mamaandido-/ vai they are big; prt memaandidojig mamaang= < mang= mamaangade= < mangade= mamaangadepon /mamaangadepo-/ vii snow in large flakes; prt memaangadepog"
3422,mamaazhi',vta,"prevail over s.o., conquer s.o.; Isg nimamaazhi'aa; prt memaazhi'aad"
3423,mamaazhitoon,vti2,"prevail over s.t., conquer s.t.; Isg nimamaazhitoon; prt memaazhitood"
3425,mamaazikaa,vai,"move, agitate; Isg nimamaazikaa; pn memaazikaad mami /mam-/ vta take s.o., pick s.o. up; Isg nimamaa; prt memaad"
3429,maminaadizi,vai,be arrogant; Isg nimaminaadiz; prt meminaadizid mamizh /mamizhw-/ vta cut s.o. out; Isg nimamizhwaa; pn memizhwaad
3431,mamoon,vti2,take s.t. pick s.t. up; hg nimamoon; pn memood
3432,manashkikiiwe,vai,"gather medicine; Isg nimanashkikiiwe; prt menashkikiiwed manaaji' ma spare s.o., go easy on s.o.; hg nimanaaji'aa; prt menaaji'aad"
3433,manaajitoon,vti2,"spare s.t., go easy on s.t.; hg nimanaajitoon; prt menaajitood"
3435,mandaaminashk,ni,cornstalk; ft mandaaminashlkoon; loc mandaaminash kong; dim mandaaminash koons
3437,mandaaminaak,ni,ear of corn; pi mandaaminaakoon; loc mandaaminaakong; dim mandaaminaakoons mandaamini-gitigaan in cornfield; pi mandaamini-gitigaanan; he mandaamini- gitigaaning; dim mandaamini-gitigaanens
3438,mandaaminiwazh,ni,gunnysack; pi mandaaminiwazhan; loc mandaaminiwazhing; dim mandaaminiwazhens
3440,mangade',vta,"make s.o. wide, widen s.o.; hg nimangade'aa; prt mengade'aad mangademon /mangademo-/ mi be wide (as a road or trail); prt mengademog; also mangadademon"
3441,mangadengwe,vai,have a broad face; hg nimangadengwe; prt mengadengwed
3442,mangadetoon,vti2,"make s.t. wide, widen s.t.; hg nimangadetoon; prt mengadetood"
3447,mangaanibaadan,vti,shovel s.t.; hg nimangaanibaadaan; prt mengaanibaadang
3448,mangaanibaajigan,ni,shovel; pi mangaanibaajiganan; loc mangaanibaajiganing; dim mangaanibaajigaans
3449,mangaanibaajige,vai,"shovel things (e.g., snow); hg nimangaanibaajige; prt mengaanibaajiged mangaanibaazh /mangaanibaaN-/ vta shovel s.o. (e.g., snow); hg nimangaanibaanaa; prt mengaanibaanaad"
3452,mangi',vta,make s.o. big; hg nimangi'aa; prt mengi'aad
3455,mangiwane,vai,carry a big pack; hg nimangiwane; pn mengiwaned
3458,manidoo-biiwaabik,ni,"steel, magnet; loc manidoo- biiwaabikong; dim manidoo-biiwaabikoons"
3461,manidookaazo,vai,take on spiritual power by one's own authority; hg nimanidookaaz; prt menidookaazod
3462,manidooke,vai,"have spiritual power, conduct a ceremony; Isg nimanidooke; prt menidooked"
3464,manidoorninensikaan,na,item of bead work; pi manidoominensikaanag; loc manidoominensikaaning; dim manidoominensikaanens
3467,manidoonsikaa,vii,there are many bugs; prt menidoonsikaag; aug manidoonsikaamagad; prt aug menidoonsikaamagak
3468,manidoo-waabooz,na,cottontail rabbit; pi manidoo-waaboozoog; dim manidoo- waaboozoons
3472,manisaadan,vti,cut s.t. as firewood; hg nimanisaadaan; prt menisaadang
3473,rnanise,vai,cut firewood; hg nimanise; prt menised
3481,manoominike-mazina'igaans,ni,ricing license; pi manoominike-mazina'igaansan
3489,mashkawapidoon,vti2,tie s.t. tight; Isg nimashkawapidoon; prt meshkawapidood mashkawapizh /mashkawapiN-/ vta tie s.o. tight; Isg nimashkawapinaa; prt meshkawapinaad
3494,mashkawaakwajidoon,vti2,freeze s.t. stiff; Isg nimashkawaakwajidoon; prt meshkawaakwajidood
3496,mashkawaakwajininjiiwaji,vai,have a frozen hand; Isg nimashkawaakwajininjiiwaj; prt meshkawaakwajininjiiwajid
3501,mashkawiziiwin,ni,power; muscle; pi mashkawiziiwinan; loc mashkawiziiwining; dim mashkawiziiwinens
3504,mashkikii-adaawewigamig,ni,"pharmacy, drugstore; pi mashkikii-adaawewigamigoon; loc mashkikii-adaawewigamigong; dim mashkikii-adaawewigamigoons; also mashkikiiwi-adaawewigamig"
3505,mashkikii-adaawewinini,na,"pharmacist, druggist; pi mashkikii-adaawewininiwag; also mashkikiiwi-adaawewinini mashkikiikaazh /mashkikiikaaN-/ vta doctor s.o.; Isg nimashkikiikaanaa; prt meshkikiikaanaad"
3510,mashkikiiwininiikwe,na,doctor (female); pi mashkikiiwininiikweg
3513,mashkimodens,ni,envelope; pi mashkimodensan; loc mashkimodensing
3514,mashkiigimin,na,lowbush cranberry; pi mashkiigiminag; loc mashkiigimining; dim mashkiigiminens
3515,mashkiigiminagaawanzh,ni,lowbush cranberry bush; pi mashkiigiminagaawanzhiin; loc mashkiigiminagaawanzhiing; dim mashkiigiminagaawanzhiins
3519,mashkodesimin,na,bean; pi mashkodesiminag; loc mashkodesimining; dim mashkodesiminens; also mashkodiisimin
3520,mashkodesiminaaboo,ni,bean soup; loc mashkodesiminaaboong
3522,mashkosiigaan,ni,lodge of grass; pi mashkosiigaanan; loc mashkosiigaaning; dim mashkosiigaanens mawadish /rnawadiS-/ vta visit s.o.; Isg nimawadisaa; prt mewadisaad
3529,mawiikaazo,vai,pretend to cry; Isg nimawiikaaz; pn mewiikaazod
3530,mawiinsiwi,vai,cry a little; hg nimawiinsiw; pn mewiinsiwid mayagendam vai2 feel strange; hg nimayagendam; pn meyagendang
3533,mayagi-anishinaabe,na,non-local Indian; pi mayagi-anishiriaabeg; dim mayagi- anishinaabens
3544,mazhii'igan,ni,cut-over clearing; pi mazhii'iganan; he mazhii'iganing; dim mazhii'igaans
3545,mazhii'ige,vai,clear land; Isg nimazhii'ige; pn mezhii'iged
3546,mazina'amaw,vta,"owe (s.t.) to s.o., get credit froms.o.; hg n imazina'amawaa; pn mezina'amawaad"
3547,mazina'igan,ni,"book, paper, letter, document; pi mazina'iganan; loc mazina'iganing; dim mazina'igaans"
3548,mazina'igani-makak,ni,cardboard box; pi mazina'igani-makakoon; loc mazina'igani- makakong; dim mazina'igani-makakoons
3549,mazina'igani-mashkimodens,ni,paper bag; pi mazina'igani-mashkimodensan; loc mazina'igani-mashkimodensing
3550,mazina'iganiiwidaabaan,na,mail truck; pi mazina'iganiiwidaabaanag; loc mazina'iganiiwidaabaaning; dim mazina'iganiiwidaabaanens
3551,mazina'iganiiwigamig,ni,post office; pi mazina'iganiiwigamigoon; he mazina'iganiiwigamigong; dim mazina'iganiiwigamigoons
3552,mazina'iganiiwinini,na,postman; pi mazina'iganiiwininiwag
3553,mazina'igaans,ni,"ticket, license; pi mazina'igaansan; loc mazina'igaansing"
3554,mazina'ige,vai,"owe, go into debt, get credit; hg nimazina'ige; pn mezina'iged"
3555,mazinashkibijigan,na,doll of hay or grass; pi mazinashkibijiganag; loc mazinashkibijiganing; dim mazinashkibijigaans
3556,mazinaabidoo'an,vti,bead s.t. on a loom; hg nimazinaabidoo'aan; pn mezinaabidoo'ang
3557,mazinaabidoo'iganaatig,ni,bead loom; pi mazinaabidoo'iganaatigoon; loc mazinaabidoo'iganaatigong; dim mazinaabidoo'iganaatigoons
3558,mazinaabidoo'ige,vai,bead things on a loom; Isg nimazinaabidoo'ige; pn mezinaabidoo'iged
3560,mazinaabikiwebinige,vai,type; hg nimazinaabikiwebinige; pn mezinaabikiwebiniged
3561,mazinaadin,vta,make an image of s.o.; hg nimazinaadinaa; pn mezinaadinaad
3568,mazinaatesewigamig,ni,movie theater; pi mazinaatesewigamigoon; he mazinaatesewigamigong; dim mazinaatesewigamigoons; also mazinaatesijigewigamig mazinaatesijigan_maaji'
3570,mazinaatewebinigan,ni,movie projector; pi mazinaatewebiniganan; lac mazinaatewebiniganing; dim mazinaatewebinigaans
3571,mazinibaganjigan,ni,dental pictograph on birch bark; pi mazinibaganjiganan; loc mazinibaganjiganing; dim mazinibaganjigaans
3572,mazinibaganjige,vai,"make a dental pictograph on birch bark; Isg nimazinibaganijge; prt mezinibaganjiged mazinibii"" /mazinibii'w-/ vta draw s.o.; Isg nimazinibii'waa; prt mezinibii'waad"
3573,mazinibii'an,vti,draw s.t.; Isg nimazinibii'aan; prt mezinibii'ang
3574,mazinibii'igan,ni,"drawing, design; pi mazinibii'iganan; loc mazinibii'iganing; dim mazinibii'igaans"
3575,mazinibii'ige,vai,draw things; Isg nimazinibii'ige; prt mezinibii'iged
3576,mazinibii'igewinini,na,artist; pi mazinibii'igewininiwag
3580,mazinishin,vai,"be imprinted, have a design; prt mezinishing"
3583,maada'adoo,vai,go off following a trail; Isg nimaada'adoo; prt mayaada'adood maada'azh /maada'aN-/ vta go off following s.o.'s trail; Isg nimaada'anaa; pn mayaada'anaad
3584,maada'ookii,vai,"share, distribute; Isg nimaada'ookii; prt mayaada'ookiid maada'oonidiwag /maada'oonidi-/ vai they dis- tribute (s.t.) to each other, they share (s.t.); Ipl nimaada'oonidimin; prt mayaada'oonidijig maada'oozh /maada'ooN-/ vta distribute (s.t.) to s.o., share (s.t.) out to s.o.; Isg nimaada'oonaa; prt mayaada'oonaad"
3589,maadanoki,vai,start to work; Isg nimaadanokii; prt mayaadanokiid
3591,maadaaboono,vai,drift off on the current; pn mayaadaaboonod
3593,maadaa'an,vii,drift off on the waves; pn mayaadaa'ang
3594,maadaa'ogo,vai,drift off on the waves; pn mayaadaa'ogod
3599,maadodan,vti,start to tell of s.t.; Isg nimaadodaan; prt mayaadodang
3601,maadoorn,vta,carry s.o. off on one's back; Isg nimaadoomaa; pn mayaadoomaad
3603,maadwewebizoni',vta,"start s.o. (e.g., a car); Isg nimaadwewebizoni'aa; pn mayaadwewebizoni'aad"
3604,maagizhaa,pc,"maybe, perhaps; also maazhaa"
3605,maagobidoon,vti2,squeeze s.t.; Isg nimaagobidoon; prt mayaagobidood maagobizh /maagobiN-/ vta squeeze s.o.; Isg nimaagobinaa; prt mayaagobinaad
3609,maajaa',vta,hold a funeral for s.o.; Isg nimaajaa'aa; prt mayaajaa'aad
3610,maajaa'iwe,vai,"hold a funeral, speak at a funeral; Isg nimaajaa'iwe; pn mayaajaa'iwed"
3612,maajidaabiiba'igo,vai,drive off in a wagon; Isg nimaajidaabiiba'ig; prt mayaajidaabiiba'igod
3613,maajidaabii'iwe,vai,drive off; Isg nimaajidaabii'iwe; prt mayaajidaabii'iwed
3615,maaji',vta,start to make s.o.; Isg nimaaji'aa; prt mayaaji'aad
3617,maajinizha'amaw,vta,send (s.t.) off to s.o.; Isg nimaajinizha'amawaa; prt mayaajinizha'amawaad
3618,maajinizha'an,vti,send s.t. off; Isg nimaajinizha'aan; prt mayaajinizha'ang
3621,maajise,vii,"begin, start, move off; pn mayaajiseg; aug maajisemagad; prt aug mayaajisemagak"
3623,maajitoon,vti2,"start to make s.t.; Isg nimaajitoon; prt mayaajitoocl maajii- pv4 start, begin, start off maajiiba'idiwag /maajiibaMdi-/ vai they run off together; Ipl nirnaajiiba'idimin; pn mayaajiiba'idijig"
3624,maajiiba'igo,vai,drive off drawn by horses; Isg nimaajiiba'ig; prt mayaajiiba'igod
3625,maajiiba'iwe,vai,start to flee; Isg nimaajiiba'iwe; prt mayaajiiba'iwed
3629,maajiibii'amaw,vta,write a letter to s.o.; Isg nimaajiibii'amawaa; pn mayaajiibii'amawaad
3630,maajiibii'igan,ni,letter; pi maajiibii'iganan; loc maajiibii'iganing; dim maajiibii'igaans
3631,maajiibii'ige,vai,write a letter; Isg nimaajiibii'ige; prt mayaajiibii'iged maajiibii'ige-mashkimodens in envelope; pi maajiibii'ige-mashkimodensan; loc maajiibii'ige-mashkimodensing
3633,maajiidoon,vti2,"take s.t. away, take s.t. along; Isg nimaajiidoon; prt mayaajiidood"
3643,maajiishkaa',vta,"start s.o. (e.g., a car, a clock); Isg nimaajiishkaa'aa; prt mayaajiishkaa'aad"
3646,maakigaade,vai,have a lame leg; Isg nimaakigaade; prt mayaakigaaded
3649,maamakaadakamig,pc,"amazing!, astonishing! maamakaadendam vai2 be amazed, be astonished; Isg nimaamakaadendam; pn mayaamakaadendang"
3650,maatnakaadendan,vti,"be amazed at s.t., be astonished at s.t., wonder at s.t.; Isg nimaamakaadendaan; pn mayaamakaadendang"
3654,maamakaaj,pc,"amazing, astonishing"
3655,maamakaajichige,vai,do amazing things; Isg nimaamakaajichige; pn mayaamakaajichiged
3656,maamakaazitaw,vta,be amazed at what s.o. says; Isg nimaamakaazitawaa; pn mayaamakaazitawaad
3657,maamawi,pc,together maamawoo- pv4 together
3664,maana'e,vai,take a bad shot; Isg nimaana'e; prt mayaana'ed
3665,maanamanji'o,vai,"feel bad, be in poor health; Isg nimaanamanji'; prt mayaanamanji'od"
3666,maanameg,na,catfish; pi maanamegwag; dim maanamegoons
3672,maanaaji',vta,"make s.o. wrong, make s.o. odd; Isg nimaanaaji'aa; prt mayaanaaji'aad maanaaji to on vti2 make s.t. wrong, make s.t. odd;"
3673,hg,ni,"maanaaji toon; prt mayaanaajitood maanendam vai2 feel bad, feel depressed; Isg nimaanendam; prt mayaanendang; also maazhendam"
3675,maanendaagozi,vai,"be considered bad-off, be considered disagreeable; Isg nimaanendaagoz; prt mayaanendaagozid"
3677,maanenim,vta,"consider s.o. bad-off, consider s.o. disagreeable; Isg nimaanenimaa; prt m ayaan en i m aad"
3685,maanoo,pc,"never mind, let it be, don't bother, don't care"
3687,maawandoogindan,vti,total up s.t. (as an account); hg nimaawandoogindaan; pn mayaawandoogindang maawandoogindaaso wax total up (as an account); hg nimaawandoogindaas; prt mayaawandoogindaasod
3692,maawanji',vta,"collect s.o.; hg nimaawanji'aa; prt mayaawanji'aad maawanji'idiwag /maawanji'idi-/ vai they come together, they meet with each other, they have a meeting; lp/nimaawanji*idimin;/>?t mayaawanji'idijig"
3693,maawanjitoon,vti2,"collect s.t.; Isg nimaawanjitoon; prt mayaawanjitood maazhaapc maybe, perhaps; also maagizhaa maazhendam vai2 feel out of sorts; hg ni maazhendam; prt mayaazhendang maazhi- pv4 bad, ill-formed maazhi-ayaa vaibe bad-off, be in poor health; hg nimaazhi-ayaa; prt mayaazhi-ayaad maazhi bide vii run poorly (e.g., a machine), operate poorly; prt mayaazhibideg; aug maazhibidemagad; prt aug mayaazhibidemagak"
3694,maazhi-bimaadizi,vai,"behave badly, lead a bad life; hg nimaazhi-bimaadiz; prt mayaazhi- bimaadizid"
3696,maazhide'e,vai,have heartburn; hg nimaazhide'e; prt mayaazhide'ed
3698,maazhigiizhwe,vai,"have difficulty speaking, have abnormal speech; hg ni maazhigiizhwe; prt mayaazhigiizhwed"
3699,maazhigondaagan,vai,have difficulty with one's voice; 7s^ nimaazhigondaagan; prt mayaaz h i gon d aagang
3700,maazhi-izhiwebizi,vai,behave badly; Isg nimaazhi-izhiwebiz; prt mayaazhi- izhiwebizid
3703,maazhimaagwanaamo,vai,have bad breath; hg nimaazhimaagwanaam; prt mayaazhimaagwanaamod
3706,maazhingwaam,vai,sleep uncomfortably; Isg nimaazhingwaam; pn mayaazhingwaang
3707,maazhinikaade,vii,have an ugly name; pn mayaazhinikaadeg; aug maazhinikaademagad; prt aug mayaazhinikaademagak
3708,maazhinikaazo,vai,have an ugly name; Isg nimaazhinikaax; pn mayaazhinikaazod
3714,megwe-,pn,"among, in the midst of"
3715,megwe-aya'ii,pc,in among it; also megweya'ii
3716,megwejiishkiwag,pc,in the mud
3717,megwekob,pc,in the brush megwaayaakpc in the woods
3718,mekadewikonayewikwe,na,nun; pi mekadewikonayewikweg; dim mekadewikonayewikwens; also mekadewikonayekwe
3719,mekadewikonayewinini,na,priest; pi mekadewikonayewininiwag
3720,memaangishens,na,mule; pi memaangishensag
3721,meme,na,red-headed woodpecker; pi memeg; dim memens
3724,memeshkwad,pc,"in turns, alternately memidaaswi nm ten each"
3725,memindage,pc,"of course, especially, above all"
3726,memookiwidoo,na,pocket gopher; pi memookiwidoog; dim memookiwidoons
3727,memwech,pc,"just that, exactly, it is so"
3728,meshkwad,pc,"in turn, in exchange"
3734,meskwaazhigwaneshi,na,redhorse (fish);p; meskwaazhigwaneshiwag; dim meskwaazhigwaneshiins
3735,meta,pc,it is only that; also mii eta
3736,mewinzha,pc,"a long time ago, long ago"
3737,michayi'ii,pc,on a bare surface
3739,michaabaminaagwad,vii,appear big; prt mechaabaminaagwak
3744,michaatoon,vti2,"make s.t. big; Isg nimichaatoon; pn mechaatood michi- pv4 by hand, without anything special, barely"
3748,michisin,vii,lie uncovered; prt mechising michiigad zmbe big (as something sheet-like);pn mechiigak
3750,midaaso-anama'e-giizhigad,pc,ten weeks
3751,midaaso-anama'e-giizhik,pc,ten weeks
3752,midaaso-biboon,pc,ten years
3755,midaaso-diba'igan,pc,"ten miles, ten hours"
3756,midaaso-diba'iganed,vii,be ten o'clock; prt medaaso-diba'iganek
3757,midaaso-diba'igaans,pc,ten minutes midaaso-dibik fit ten nights
3758,midaaso-giizhik,pc,ten days midaaso-giizis/>c ten months
3759,midaasogon,pc,ten days
3762,midaasoninj,pc,ten inches
3763,midaasozid,pc,ten feet midaasosagoons nm ten thousand
3764,midaasoobii'igan,na,ten (card);/)/ rnidaasoobii'iganag
3765,midaasooshkin,pc,ten bags midaaswaabik/w ten dollars midaaswaak nm thousand
3766,midaaswewaan,pc,"ten sets, ten pairs midaaswi nm ten midaaswi ashi-bezhig nm eleven midaaswi ashi-ingodwaaswi nm sixteen; also midaaswi ashi-ningodwaaswi* midaaswi ashi-ishwaaswi nm eighteen; also midaaswi ashi-nishwaaswi* midaaswi ashi-naanan nm fifteen midaaswi ashi-ningodwaaswi* nm sixteen; also midaaswi ashi-ingodwaaswi midaaswi ashi-nishwaaswi* nn eighteen; also midaaswi ashi-ishwaaswi midaaswi ashi-niswi nm thirteen midaaswi ashi-niiwin nm fourteen midaaswi ashi-niizh nm twelve midaaswi ashi-niizhwaaswi nm seventeen midaaswi ashi-zhaangaswi nm nineteen"
3767,midechininj,ni,thumb; pi midechininjiin
3768,midechizid,ni,big toe; pi midechizidan
3770,midewi,vai,"join the Midewiwin, participate in the Midewiwin; 7s^nimidew;p«medewid"
3772,midewigaanaak,ni,Mide lodge frame; pi midewigaanaakoon; loc midewigaamaakong
3773,midewiwin,ni,"Midewiwin, Medicine Dance, Grand Medicine Society"
3777,migiskanaak,ni,fishing pole; pi migiskanaakoon; Joe migiskanaakong; dim migiskanaakoons; also migiskanaatig
3786,mikige,vai,find things; Isg nimikige; pn mekiged
3788,mikobidaw,vta,find (s.t.) for s.o. with hands; Isg nimikobidawaa; pn mekobidawaad
3789,mikobidoon,vti2,find s.t. with hands; Isg nimikobidoon; pn mekobidood
3792,mikond,na,binding stick; pi mikondiig; loc mikondiing; dim mikondiins; also mikwand
3793,mikondan,vti,mention s.t. come to one's mind; hg nimikondaan; prt mekondang
3798,mikwamii-makak,ni,"ice box, refrigerator; pi mikwamii-makakoon; lac mikwamii- makakong; dim mikwamii-makakoons mikwamiiwadamon /mikwamiiwadamo-/ vii be icy (as a road or trail); pn mekwamiiwadamog"
3804,mimigosaga'igan,ni,"scrub brush; pi mimigosaga'iganan; he mimigosaga'iganing; dim mimigosaga'igaans mimigoshkam vai2 thresh something, jig some- thing (e.g., wild rice); Isg nimimigoshkam; prt memigoshkang"
3807,mimigwaabika'igan,ni,pot scrubber; pi mimigwaabika'iganan; loc mimigwaabika'iganing; dim mimigwaabika'igaans
3808,mimigwaakosijigaln,ni,"washboard; pi mimigwaakosijiganan; loc mimigwaakosijiganing; dim mimigwaakosijigaans mina"" via give s.o. a drink, give s.o. (s.t.) to drink; Isg nimina'aa; prt mena'aad"
3814,mindido',vta,make s.o. big; Isg nimindido'aa; prt mendido'aad
3818,minik,pc,"a certain .amount, a certain number, so much, so many"
3824,miniiwitawage,vai,have an infected ear; Isg niminiiwitawaige; prt meniiwitawaged
3834,minjimishkaw,vta,"hold s.o. in place with foot or body, steady s.o. with foot or body; Isg niminjimishkawaa; prt menjimishkawaad"
3836,minjimishkoodoon,vti2,hold s.t. in place with weight; Isg niminjimishkoodoon; pn menjimishkoodood minjimishkoozh /minjimishkooN-/ vta hold s.o. in place with weight; Isg niminjimishkoonaa; prt menjimishkoonaad
3838,minjimii,vai,"cling, hold on; Isg niminjimii; pn menjimiid"
3844,minobii,vai,drink and be merry; Isg niminobii; prt menobiid
3847,minode'e,vai,be kind; Isg niminode'e; pn menode'ed
3848,mino-doodaw,vta,treat s.o. well; Isg nimino- doodawaa; pn meno-doodawaad
3853,minogondaagan,vai,have a good voice; Isg niminogondaagan; prt menogondaagang
3854,mino'o,vai,dress well; Isg nimino'; prt meno'od
3855,mino-izhiwebizi,vai,"behave well;, lead a good life; Isg nimino-izhiwebiz; prt meno-izhiwebizid"
3856,minokan,vti,fit s.t. well; Isg niminokaan; pn menokang
3866,rninopijige,vai,like the taste of things; Isg niminopijige; prt menopijiged
3873,minosidoon,vti2,put s.t. in the right position; Isg niminosidoon; pn menosidood
3879,minowe,vai,"have a good voice, speak well; Isg nimino we; pn menowed minoz /minozw-/ vta cook s.o. well; Isg niminozwaa; prt menozwaad"
3884,minwamanji'o,vai,"feel good, be in good health; Isg niminwamanji'; pn menwamanji'od"
3885,minwanjige,vai,eat well; Isg niminwanjige; pn menwanjiged
3886,minwashkine,vai,"fit well, be well filled; prt menwashkined"
3889,minwaabadizi,vai,"be very useful, be of good use; hg niminwaabadiz; pn menwaabadizid"
3890,minwaabaji',vta,get good use of s.o.; Isg niminwaabaji'aa; pn menwaabaji'aad
3891,minwaabajitoon,vti2,get good use of s.t.; Isg niminwaabajitoon; prt menwaabajitood
3893,minwaabamewizi,vai,"be admired, be respected; Isg niminwaabamewiz; pn m e nwaabam ewiz i d"
3896,minwaabewizi,vai,have a good body; Isg niminwaabewiz; pn menwaabewizid
3897,minwaabi,vai,"have good eyesight, see well; Isg niminwaab; pn menwaabid"
3918,misawenim,vta,"desire s.o., want s.o.; Isg nimisawenimaa; pn mesawenimaad"
3919,misawenjige,vai,"desire things, want things; hg nimisawenjige; pn mesawenjiged"
3920,misaabe,na,giant; pi misaabeg; dim misaabens
3933,misko'o,vai,wear red; hg nimisko'; pn mesko'od
3939,miskwakone,vii,blaze up; pn meskwakoneg; aug miskwakonemagad; pn aug meskwakonemagak
3940,miskwanowe,vai,have a red cheek; hg nimiskwanowe; pn meskwanowed
3942,miskwanowechige,vai,use rouge; hg nimiskwanowechige; pn meskwanowechiged
3955,miskwaakonaye,vai,dress in red; hg nimiskwaakonaye; pn meskwaakonayed
3965,miskwiingwese,vai,blush; 7s£ nimiskwiingwese; prt rneskwiingwesed
3968,mitabi,vai,sit on the bare ground; Isg nimitab; prt in e tab id
3969,mitagwazhe,vai,be naked; Isg nimitagwazhe; pn metagwazhed mitakamigpc on bare ground
3970,mitaakondibe,vai,be bare-headed; Isg nimitaakondibe; prt rnetaakondibed mitaawangaa mi be a sandy beach; pn metaawangaag; aug mitaawangaamagad; prt aug metaawangaamagak mi tig na tree; pi mitigoog; loc mitigong; dim mitigoons
3973,mitigokaa,vii,there are many trees; prt metigokaag; aug mitigokaamagad; pn aug metigokaamagak
3976,mitigomizh,na,oak; pi mitigomizhiig; loc mitigomizhiing; dim mitigomizhiins
3978,mitigo-waakaa'igan,ni,log cabin; pi mitigo- waakaa'iganan; loc mitigo-waakaa'iganing; dim mitigo-waakaa'igaans
3983,mitigwemikwaan,ni,"wooden spoon, wooden ladle; pi mitigwemikwaan an; dim mitigwemikwaan ens"
3986,mizhagaa,vai,come ashore in canoe; Isg nimizhagaa; pn mezhagaad
3987,mizhakiise,vai,hit the bottom; Isg nimizhakiise; prt mezhakiised
3991,mizhodan,vti,hit s.t. (in shooting); Isg nimizhodaan; pn mezhodang
3993,miziwe,pc,"all over, everywhere"
3994,miziwebii'an,vti,write s.t. all over; Isg nimiziwebii'aan; pn meziwebii'ang miziwebii'igaade zjwbe written on all over;/>r£ meziwebii'igaadeg; aug miziwebii'igaademagad; pn aug meziwebii'igaademagak
3995,miziwebii'ige,vai,write all over; Isg nimiziwebii'ige; pn meziwebii'iged miziwe* vta make s.o. of a whole piece; Isg nimiziwe'aa; pn meziwe'aad miziwekamigpc all over the world
3996,miziweshkaa,vii,"be everywhere, go everywhere, spread all over; prt meziweshkaag; aug miziweshkaamagad; pn aug mezi wesh kaam agak miziwe toon vti2 make s.t. of a whole piece; Isg nimiziwetoon; pn meziwetood"
3998,miziweyaabikizi,vai,"be full (as something mineral, e.g., the moon); pn meziweyaabikizid"
4001,mizizi,vai,"start to get sick, catch a disease; Isg nimiziz; prt mezizid"
4002,mil,pc,"it is thus that, it is that existential panicle mii dash pc and then; also miish miigaadiwag /miigaadi-/ vai they fight each other; Ipl nimiigaadimin; prt maagaadijig"
4003,miigaadiwin,ni,"battle, war; pi miigaadiwinan miigaazh /miigaaN-/ vta fight s.o.; Isg nimiigaanaa; prt maagaanaad"
4008,miigwech,pc,thanks! miigwechiwendam vai2 be thankful; Isg nimiigwechiwendam; prt maagwechiweridang miigwechiwendan vtibt thankful for s.t.; Isg nimiigwechiwendaan; prt maagwechiweridang
4010,miigwechiwi-giizhigad,vii,be Thanksgiving Day; prt maagwechiwi-giizhigak
4011,miigwechiwi',vta,thank s.o.; Isg nimiigwechiwi'aa; prt maagwechiwi'aad
4014,miijin,vti3,eat s.t.; Isg nimiijin; prt maajid
4018,miikanaawan,vii,"be a road, be a trail; prt maakanaawang"
4023,miikwa'an,vti,hit s.t. dead center with something; Isg nimiikwa'aan; prt maakwa'ang
4024,miinagaawanzh,na,"blueberry plant; pi miinagaawanzhiig; loc miinagaawanzhiing; dim miinagaawanzhiins miinan /miin-/ ni blueberries plural; loc miining; dim miinensan mii nange pc yes, for sure, certainly"
4025,miinawaa,pc,"and, also, again"
4026,miinens,na,hawthorn fruit; pi miinensag
4027,miinensagaawanzh,na,hawthorn tree; pi miinensagaawanzhiig; loc miinensagaawanzhiing; dim miinensagaawanzhiins
4029,miini-giizis,na,"August, July; also miinike-giizis"
4030,miinikaan,m,seed; pi miinikaanan; loc miinikaaning; dim miinikaanens
4031,miish,pc,"it is thus that, and then"
4033,miishidaamikan,vai,have a beard; Isg nimiishidaamikan; prt maashidaamikang
4034,miishidoon,vai,have a moustache; Isg nimiishidoon; prt maashidoong
4035,miishiijiimin,na,peach; p/miishiijiiminag; loc miishiijiimining; dim miishiijiiminens miizh /miiN-/ vta give (s.t.) to s.o.; /s^nimiinaa; prt maanaad
4036,miizii,vai,defecate; Isg nimiizii; prt maaziid
4038,moshwe,na,shawl; pi moshweg; loc moshweng; dim moshwens
4039,moshwens,ni,handkerchief; pi moshwensan; loc moshwensing
4040,moo,ni,"feces, excrement; pi moowan"
4041,moo',vta,"make s.o. cry; Isg nimoo'aa; pn mwaa'aad mooka'am vai2 be sunrise, rise (as the sun); Isg nimooka'am; pn mwaaka'ang"
4043,mookibii,vai,emerge from the water; prt mwaakibiid
4048,mookodaasowinini,na,"carpenter, carver; pi mookodaasowininiwag"
4049,mookojigan,ni,"drawknife, plane (tool); pi mookojiganan; loc mookojiganing; dim mookojigaans"
4051,moona'an,vti,dig up s.t.; hg nimoona'aan; prt mwaana'ang
4052,moona'ige,vai,dig up things; Isg nimoona'ige; prt mwaana'iged
4053,moonenim,vta,suspect s.o.; /^nimoonenimaa; prt mwaanenimaad
4054,moonikaan,ni,cellar; pi moonikaanan; lac moonikaaning; dim moonikaanens
4058,mooshka'an,vii,"be flooded, there is a flood; pn mwaashka'ang"
4059,mooshka'osi,na,American bittern (locally called shypoke); pi mooshka'osiwag; dim mooshka'osiins
4061,mooshkinadoon,vti2,fill s.t. (with solids); Isg nimooshkinadoon; pn mwaashkinadood
4062,mooshkina',vta,fill s.o. (with solids); Isg nimooshkina'aa; pn mwaashkina'aad mooshkine vaibe full (of solids); Isg nimooshkine; prt mwaashkined
4064,mooshkinebadoon,vti2,fill s.t. (with a liquid); Isg nimooshkinebadoon; prt mwaashkinebadood mooshkinebazh /mooshkinebaN-/ vtaf ills .o. (with a liquid); Isg nimooshkinebanaa; prt mwaashkinebanaad
4066,mooshkinebii'ige,vai,fill out a form; Isg nimooshkinebii'ige; prt mwaashkinebii'iged
4069,moozhag,pc,"always, often, all the time"
4070,moozhaabe,na,unmarried man; pi moozhaabeg moozhi* vta feel s.o. in or on one's body; Isg nimoozhi'aa; prt mwaazhi'aad
4071,moozhikwe,na,unmarried woman; pi moozhikweg
4072,moozhitoon,vti2,feel s.t. in or on one's body; Isg nimoozhitoon; prt mwaazhitood
4074,na,pc,yes-no question word
4076,nabagidaabaan,na,toboggan; pi nabagidaabaanag; loc nabagidaabaaning; dim nabagidaabaanens
4078,nabagijiishin,vai,have a flat tire; prt nebagijiishing
4081,nabonan,vti,fold s.t. over; Isg ninabonaan; prt nebonang naboob in soup; pi naboobiin; loc naboobiing; dim naboobiins
4087,nagaji',vta,"be used to making s.o., know how to handle s.o.; hg ninagaji'aa; prt negaji'aad"
4088,nagajitoon,vti2,"be used to making s.t., know how to handle s.t.; Isg ninagajitoon; pn negajitood"
4092,nagamowin,ni,"singing, song"
4094,nagazhiwe,vai,abandon people; hg ninagazhiwe; pn negazhiwed Nagaajiwanaang^>/<2ft? Fond du Lac Reservation
4096,nagaashkaa,vii,"halt, stop moving; prt negaashkaag; aug nagaashkaamagad; prt aug negaashkaamagak"
4097,nagaashkaa',vta,"make s.o. stop (e.g., a car); Isg ninagaashkaa'aa; pn negaashkaa'aad nagaashkaatoon vd2 make s.t. stop; Isg ninagaashkaatoon; pn negaashkaatood"
4104,na'aanganikwe,na,daughter-in-law; pi na'aanganikweg
4105,na'aangish,na,son-in-law; pi na'aangishiig
4106,na'egaaj,pc,"not too hard!, go easy!"
4107,na'enimo,vai,store things away; Isg nina'enim; pn ne'enimod
4108,na'idaa,pc,"right at the time, just then"
4109,na'isijige,vai,put things in order; Isg nina'isijige; prt ne'isijiged
4110,nakodan,vti,answer s.t.; Isg ninakodaan; prt nekodang
4112,nakwebidoon,vti2,catch s.t. with hands; Isg ninakwebidoon; prt nekwebidood
4115,nakwebii'amaw,vta,write (s.t.) back to s.o.; Isg ninakwebii'amawaa; prt nekwebii'amawaad nakwebii'amaadiwag /nakwebii'amaadi-/ vai they write back to each other; Ipl ninakwebii'amaadimin; pn nekwebii'amaadijig
4116,nakweshkaw,vta,meet s.o.; Isg ninakweshkawaa; prt nekweshkawaad nakweshkodaadiwag /nakweshkodaadi-/ vai they meet each other; /p/ninakweshkodaadimin; prt nekweshkodaadijig nakwetam vai2 answer; Isg ninakwetam; prt nekwetang
4121,namanjii,vai,be left-handed; Isg ninamanjii; prt nemanjiid
4127,nanaa'ichige,vai,"fix things, repair things; Isg ninanaa'ichige; prt nenaa'ichiged"
4128,nanaa'idaabaane,vai,repair a car; Isg ninanaa'idaabaane; prt nenaa'idaabaaned
4129,nanaa'idaabaanewinini,na,automobile mechanic; pi nanaa'idaabaanewininiwag
4130,nanaa'idaabaanikewinini,na,automobile mechan- ic; pi nanaa'idaabaanikewininiwag
4131,nanaa'in,vta,"put s.o. in order, put s.o. away, fix s.o.; Isg ninanaa'inaa; prt nenaa'inaad"
4132,nanaa'inan,vti,"put s.t. in order, put s.t. away, fix s.t.; Isg ninanaa'inaan; prt nenaa'inang"
4133,nanaa'itaw,vta,"fix (s.t.) for s.o., repair (s.t.) for s.o.; Isg ninanaa'itawaa; prt nenaa'itawaad; also nanaa'itamaw"
4134,nanaa'itoon,vti2,"fix s.t., repair s.t.; Isg ninanaa'itoon; prt nenaa'itood"
4135,nanaa'ii,vai,"be dressed up; Isg ninanaa'ii; prt nenaa'iid nanaandaw= < nandaw= nanaandawi* vta heal s.o., doctor s.o.; Isg ninanaandawi'aa; prt nenaandawi'aad"
4136,nanaandawi'iwe,vai,"heal people, doctor people; Isg ninanaandawi'iwe; prt nenaandawi'iwed nanaando=< nando= nanaawad= < nawad= nanda- pv4 seek, look for"
4137,nanda-anokii,vai,look for work; Isg ninanda- anokii; prt nenda-anokiid
4138,nanda-gikendan,vti,"seek to know s.t., seek to learn s.t.; Isg ninanda-gikendaan; prt nenda- gikendang"
4139,nanda-gikenim,vta,seek to know s.o.; Isg ninanda- gikenimaa; pn nenda-gikenimaad
4140,nanda-mikwendan,vti,"try to think of s.t., try to remember s.t.; hg ninanda-mikwendaan; pn nenda-mikwendang"
4141,nanda-mikwenim,vta,"try to think of s.o., try to re- member s.o.; hg ninanda-mikwenimaa; prt nenda-mikwenimaad"
4143,nandawaabandan,vti,"look for s.t., search for s.t.; hg ninandawaabandaan; prt nendawaabandang"
4144,nandawaabanjige,vai,"look for things, search for things; hg nlnandawaabanjige; pn nendawaabanjiged"
4145,nandawaaboozwe,vai,hunt for rabbits; hg ninandawaaboozwe; prt nendawaaboozwed
4146,nandawaatoo,vai,"scout; hg ninandawaatoo; pn nendawaatood nandawendam vai2 want, desire; hg ninandawendam; pn nendawendang nandawendan tin'want s.t., desire s.t.; hg ninandawendaan; prt nendawendang"
4147,nandawendaagozi,vai,"be suitable, be desirable; prt nendawendaagozid nandawendaagwad mi be suitable, be desirable; pn nendawendaagwak"
4150,nandawishibe,vai,hunt ducks; hg ninandawishibe; pn nendawishibed
4151,nandawisimwe,vai,look for horses; hg ninandawisimwe; prt nendawisimwed
4153,nandodamaw,vta,"ask s.o. for (s.t.), beg s.o. for (s.t.); hg ninandodamawaa; pn nendodamawaad"
4154,nandodamaage,vai,"ask people for (s.t.), beg people for (s.t.); hg ninandodamaage; prt nendodamaaged"
4157,nandokawe',vta,"look for s.o.'s tracks, be on s.o.'s trail; hg ninandokawe'aa; prt nendokawe'aad"
4158,nandom,vta,"call s.o., summon s.o.; hg ninandomaa; pn nendomaad"
4159,nandomaam,vta,"smell for s.o., sniff s.o.; hg ninandomaamaa; pn nendomaamaad"
4160,nandomaandan,vti,"smell for s.t., sniff s.t.; hg ninandomaandaan; pn nendomaandang nandone' /nandone'w-/ vta look for s.o.; hg ninandone'waa; pn nendone'waad"
4161,nandone'an,vti,look for s.t.; hg ninandone'aan; pn nendone'ang
4162,nandone'igaade,vii,be looked for; pn nendone'igaadeg; aug nandone'igaademagad; pn aug nendone'igaademagak
4163,nandone'igaazo,vai,be looked for; prt nendone'igaazod
4164,nandone'ige,vai,look for things; hg ninandone'ige; pn nendone'iged nandotam vai2 listen for something; hg ninandotam; pn nendotang
4167,nandoobii,vai,look for a drink; hg ninandoobii; pn nendoobiid
4168,nandoojiin,vta,"feel for s.o., grope for s.o.; hg ninandoojiinaa; pn nendoojiinaad"
4169,nandoojiinan,vti,"feel for s.t., grope for s.t.; hg ninandoojiinaan; pn nendoojiinang"
4170,nandoojiinige,vai,"feel for things, grope for things; hg ninandoojiinige; prt nendoojiiniged"
4172,nandookomeshiinh,na,monkey; pi nandookomeshiinyag
4173,nandwaanikaadan,vti,dig for s.t.; hg ninandwaanikaadaan; prt nendwaanikaadang nandwaanikaazh /nandwaanikaaN-/ vta dig for s.o.; Isg ninandwaanikaanaa; pn nendwaanikaanaad
4174,nandwewem,vta,go and ask for s.o.; hg ninandwewemaa; prt nendwewemaad
4176,nandwewendan,vti,go and ask for s.t.; hg ninandwewendaan; pn nendwewendang
4178,naniibikim,vta,scold s.o.; hg ninaniibikimaa; prt neniibikimaad naniisido= < nisido=
4188,nasanaamo,vai,"exhale, recover one's breath; hg ninasanaam; pn nesanaamod"
4189,nase'an,vti,stir s.t. to form sugar; Isg ninase'aan; pn nese'ang
4190,nase'igan,ni,granulated maple sugar
4191,nase'ige,vai,stir to form sugar; hg ninase'ige; pn nese'iged
4192,naseyaawangwaan,ni,sugaring trough; naseyaawangwaanan; loc naseyaawangwaaning; dim naseyaawangwaanens naseyaawangwaan (sugaring trough)
4193,naseyaawangwe,vai,"granulate sugar; Isg ninaseyaawangwe; prt neseyaawangwed nashke fc look!, behold!; also inashke"
4201,nawaj,pc,more
4203,nawapwaan,ni,lunch taken along; pi nawapwaanan; dim nawapwaanens
4204,nawapwaanike,vai,make a lunch to take along; Isg ninawapwaanike; prt newapwaaniked
4205,nayaag,pc,ahead of time
4206,nayenzh,pc,both
4207,nazhikewaakwadabi,vai,sit alone; Isg ninazhikewaakwadab; prt nezhikewaakwadabid nazhikewige vailive alone; Isg ninazhikewige; prt nezhikewiged
4208,nazhikewizi,vai,be alone; Isg ninazhikewiz; prt nezhikewizid nazikwe' /nazikwe'w-/ vta comb s.o.'s hair; Isg ninazikwe'waa; prt nezikwe'waad
4209,nazikwe'o,vai,comb one's hair; Isg ninazikwe'; pn nezikwe'od
4210,naa,pc,emphatic particle
4211,naaba'anidizo,vai,step in the same tracks; Isg ninaaba'anidizo; pn nayaaba'anidizod naabe- pv4 male
4214,naabidoo'an,vti,"thread s.t., string s.t.; Isg ninaabidoo'aan; pn nayaabidoo'ang"
4215,naabidoo'igan,ni,beading needle; pi naabidoo'iganan; loc naabidoo'iganing; dim naabidoo'igaans
4216,naabidoo'ige,vai,"thread things, string things; Isg ninaabidoo'ige; prt nayaabidoo'iged"
4219,naabikawaagan,na,"necktie, necklace; pi naabikawaaganag; he naabikawaaganing; dim naabikawaagaans"
4220,naabikwaan,ni,"ship, vessel; pi naabikwaanan; loc naabikwaaning; dim naabikwaanens"
4228,naadagoodoo,vai,check one's snares; Isg ninaadagoodoo; pn nayaadagoodood naada* /naada'w-/ vta go get s.o. by boat; Isg ninaada'waa; prt nayaada'waad
4229,naada'an,vti,go get s.t. by boat; Isg ninaada'aan; prt nayaada'ang
4230,naada'oodoon,vti2,go to get s.t. by boat; Isg ninaada'oodoon; prt nayaada'oodood naada'oozh /naada'ooN-/ vta go to get s.o. by boat; Isg ninaada'oonaa; prt nayaada'oonaad
4234,naadasoonaagane,vai,"check one's traps, go get one's traps; Isg ninaadasoonaagane; pn nayaadasoonaaganed"
4236,naadazina'igane,vai,go get mail; Isg ninaadazina'igane; pn nayaadazina'iganed
4237,naadazina'ige,vai,go collect a debt; Isg ninaadazina'ige; pn nayaadazina'iged
4238,naadin,vti3,"go get s.t., fetch s.t., go after s.t.; Isg ninaadin; pn nayaadid"
4241,naagadawaabam,vta,observe s.o.; Isg ninaagadawaabamaa; prt nayaagadawaabamaad
4242,naagadawaabandan,vti,observe s.t.; Isg ninaagadawaabandaan; pn nayaagadawaabandang naagadawendam vai2 think; Isg ninaagadawendam; pn nayaagadawendang
4243,naagadawendan,vti,think about s.t.; Isg ninaagadawendaan; prt nayaagadawendang
4244,naagadawenim,vta,think about s.o.; Isg ninaagadawenimaa; prt nayaagadawenimaad
4245,naagaj,pc,"later, after a while"
4246,naago',vta,"make s.o. show, reveal s.o.; Isg ninaago'aa; pn nayaago'aad"
4247,naagotoon,vti2,"make s.t. show, reveal s.t.; Isg ninaagotoon; prt nayaagotood"
4249,naagwad,vii,be visible; prt nayaagwak
4252,naajigaazo,vai,"be fetched, be picked up; prt nayaajigaazod"
4254,naajinizha'an,vti,"go after s.t., send for s.t.; Isg ninaajinizha'aan; prt nayaajinizha'ang naajinizha' /naajinizha'w-/ vta go after s.o., send for s.o.; Isg ninaajinizha'waa; pn nayaajinizha'waad"
4255,naajinizha'amaw,vta,order (s.t.) for s.o.; Isg ninaajinizha'amawaa; pn nayaajinizha'amawaad
4256,naajinizha'ige,vai,order things; Isg ninaajinizha'ige; pn nayaajinizha'iged
4257,naajiwanii'ige,vai,go after traps; Isg ninaajiwanii'ige; pn nayaajiwanii'iged
4258,naan,nad,grandma (vocative of nimaamaanaan grandmother)
4259,naanabem,pc,"too late, it should have been done naanan nm five naananinoon /naananin-/ vii they are five; pn nayaananingin naananiwag /naanani-/ vai they are five; Ipl ninaananimin; prt nayaananijig"
4260,naanaabishebizo,vai,wear earrings; Isg ninaanaabishebiz; pn nayaanaabishebizod
4262,naanaagadawaabandan,vti,"watch s.t. carefully, observe s.t.; Isg ninaanaagadawaabandaan; pn nayaanaagadawaabandang naanaagadawendam vai2 consider, think; Isg ninaanaagadawendam; pn nayaanaagadawendang"
4265,naangan,vii,be light in weight; pn nayaangang
4266,naangendan,vti,consider s.t. light in weight; Isg ninaangendaan; prt nayaangendang
4267,naangenim,vta,consider s.o. light in weight; Isg ninaangenimaa; pn nayaangenimaad
4268,naangide'e,vai,be carefree; Isg ninaangide'e; pn nayaangide'ed
4269,naangiwane,vai,carry a light pack; Isg ninaangiwane; pn nayaangiwaned
4270,naangizi,vai,be light in weight; Isg ninaangiz; pn nayaangizid
4272,naaning,pc,five times
4273,naaningim,pc,"often naaningodinong* pt now and then, every once in a while, sometimes; also naangodinong* naano- pv4 five"
4274,naano-anama'e-giizhigad,vii,be five weeks; pn nayaano-anama'e-giizhigak naano-anama'e-giizhik pi five weeks
4275,naano-biboon,pc,five years
4278,naano-diba'igan,pc,"five miles, five hours"
4279,naano-diba'iganed,vii,be five o'clock; pn nayaano-diba'iganek
4280,naano-diba'igaans,pc,"five minutes, five acres naano-dibikpc five nights"
4282,naano-giizhik,pc,five days
4283,naano-giizis,pc,five months
4284,naanogon,pc,five days
4287,naanoninj,pc,five inches naanosagoons nm five thousand
4288,naanozid,pc,five feet
4289,naanoobii'igan,na,five (card); pi naanoobii'iganag
4290,naanoomaya,pc,a little while ago
4291,naanooshkin,pc,five bags
4292,naanwaabik,pc,five dollars naanwaak nm five hundred
4293,naanwewaan,pc,"five sets, five pairs"
4294,naasanaa,pc,"look out!, come on!"
4295,naasaab,pc,"like, the same naasaabibii'an mi copy s.t. in writing; Isg ninaasaabibii'aan; pn nayaasaabibii'ang"
4296,naasaabibii'ige,vai,copy things in writing; Isg m'naasaabibii'ige; pn nayaasaabibii'iged
4297,naawagaam,pc,in the middle of the lake
4299,naawakwe-miijin,vti3,"eat s.t. for dinner (noon meal), eat s.t. for lunch (noon meal); Isg ninaawakwe-miijin; prt nayaawakwe-miijid"
4300,naawakwe-wiisini,vai,"eat dinner (noon meal), eat lunch (noon meal); Isg ninaawakwe-wiisin; pn nayaawakwe-wiisinid"
4301,naawashkosiw,pc,in the middle of a meadow
4302,naawayi'ii,pc,in the middle of it
4303,naawaakigan,pc,in the middle of the chest
4304,naawaakwaa,pc,in the middle of the woods
4305,naawaawigan,pc,in the middle of the back
4306,naawi-,pn,in the middle of
4307,naawigatig,pc,in the middle of the forehead
4308,naawij,pc,out in trie lake naawikanapt in tile middle of the road or trail
4309,naawinaagozi,vai,"be barely visible, be a distant sight; Isg ninaawinaagoz; pn nayaawinaagozid"
4311,naawininj,m,middle finger; pi naawininjiin
4312,naawisag,pc,in the middle of the floor naawoonagpc in the middle of a boat
4313,naayanh,pc,"correct?, right? naazh /naaN-/ via go get s.o., fetch s.o., go after s.o.; Isg ninaanaa; prt nayaanaad"
4314,naazhaabii'igan,ni,"violin, fiddle; pi naazhaabii'iganan; loc naazhaabii'iganing; dim naazhaabii'igaans"
4315,naazhiiga'igan,ni,hide stretcher; pi naazhiiga'iganan; loc naazhiiga'iganing; dim naazhiiga'igaans
4316,naazhiiga'ige,vai,"stretch a hide; Isg ninaazhiiga'ige; prt nayaazhiiga'iged naazikan vtigo to s.t., approach s.t.; Isg ninaazikaan; pn nayaazikang"
4321,nemaab,ni,"marble, pool ball; pi nemaabiin"
4325,neniibowa,pc,a whole lot neniiwin nm four each neniizh nm two each . neniizhwaaswi nm seven each
4327,nesezo,vai,pant; Isg ninesez; prt nayesezod
4328,neshangaa,vii,"be limber, be slack; pn nayeshangaag; aug neshangaamagad; pn aug nayeshangaamagak"
4329,neshangaabiigad,vii,be slack (as something string- like); pn nayeshangaabiigak
4330,neshangaabiigizi,vai,be slack (as something string- like); pn nayeshangaabiigizid
4331,neshangishin,vai,"be relaxed, lie limp; Isg nineshangishin; pn nayeshangishing"
4332,neshangisin,vii,"lie limp, lie slack; prt nayeshangising"
4333,neshangizi,vai,"be limber, be slack; Isg nineshangiz; pn nayeshangizid"
4334,newe,na,bull snake; pi neweg; dim newens
4335,neyaab,pc,"back to previous place or condition, as before"
4337,neyaashiiwan,vii,"there is a peninsula, there is a point of land; pn nayeyaashiiwang ni=pre first person prefix; also ni=, in=, im=, n=, nin=*, nim=* ni- pv2 going away, coming up to in time; also ani-"
4340,nibaaganaatig,ni,"bed frame; pi nibaaganaatigoon; loc nibaaganaatigong; dim nibaaganaatigoons nibe* vta make s.o. sleep, put s.o. to bed; Isg ninibe*aa; prt nebe'aad"
4342,nibendaw,vta,stay overnight with s.o.; Isg ninibendawaa; pn nebendawaad
4348,nibiiwakik,na,water pail; pi nibiiwakikoog; loc nibiiwakikong; dim nibiiwakikoons
4350,nibiiwi,vai,be wet; Isg ninibiiw; pn nebiiwid
4351,nibo,vai,"die, be dead; Isg ninib; pn nebod"
4352,nibooke,vai,have a death in one's family; Isg ninibooke; pn nebooked
4353,niboowi,vai,be paralyzed; Isg niniboow; pn neboowid
4355,niboowigamig,ni,mortuary; pi niboowigamigoon; loc niboowigamigong
4360,niboowizide,vai,have a numb foot; Isg niniboowizide; prt neboowizided
4362,nichiiwad,vii,"there is a severe storm, there is a cat- astrophe; pn nechiiwak"
4366,nikibii,vai,be flooded; prt nekibiid
4368,niminaawe'o,vai,paddle out from shore; Isg niniminaawe'; pn neminaawe'od
4369,niminaaweyaadagaako,vai,go out from shore on the ice; Isg niniminaaweyaadagaak; prt neminaaweyaadagaakod
4370,niminaaweyaandawaagan,ni,"dock; pi niminaaweyaandawaaganan; loc niminaaweyaandawaaganing; dim n \ m i naaweyaan dawaagaan s nimisad /-misad-/ nid my stomach; pi nimisadan; loc nimisadaang nimisenh /-miseny-/ nad my older sister, my older female parallel cousin; pi nimisenyag"
4371,nimishoo,nad,grandpa vocative o/nimishoomis nimishoome /-mishoomey-/ nad my parallel uncle (father's brother); pi nimishoomeyag nimishoomis /-mishoomis-/ nad my grandfather; pi nimishoomisag nimiishigwaan /-miishigwaan-/ nid my pubic hair; pi nimiishigwaanan ninaga'ayag /-naga'ay-/ nad my scales plural ninagaskway /-nagaskway-/ nid my palate; loc ninagaskwaang ninagaakininj /-nagaakininjy-/ nid my palm; pi ninagaakininjiin; loc ninagaaklninjiing ninagaakizid /-nagaakizid-/ nidmy sole; pi ninagaakizidan; loc ninagaakizidaang ninagizh /-nagizhy-/ nid my intestine; pi ninagizhiin; loc ninagizhiing ninagway /-nagway-/ nidmy sleeve; pi ninagwayan; loc ninagwaang; dim ninagwens ninashkid /-nashkidy-/ nidmy tail (of a bird);pi ninashkidiin; loc ninashkidiing ninasid /-nasid-/ nid my hoof; loc ninasidaang ninaabem /-naabem-/ nad my husband; pi ninaabemag ninaan /-naarW nad my calf; pi ninaanag; loc ninaaning
4372,nindigo,pc,"as if, just like; also indigo"
4373,ningaabii'art,ni,west; loc ningaabii'anong
4374,ningaasimoo-jiimaan,ni,sailboat; pi ningaasimoo- jiimaanan; loc ningaasimoo-jiimaan ing; dim ningaasimoo-jiimaanens
4375,ningaasimoono,vai,sail (in a boat); Isg niningaasimoon; prt nengaasimoonod
4376,ningaasimoonowin,ni,sail; loc ningaasimoonowining; dim ningaasimoonowinens
4377,ningaasimoowinini,na,sailor; pi ningaasimoowininiwag
4380,ningiigwadin,vii,be frosted; pn nengiigwading
4381,ningiigwaji,vai,"be frosted; pn nengiigwajid ningo-* pv4 one; also ingo- ningo-anama'e-giixhik* pc one week; also ingo- anama'e-giizhik ningo-biboon* pc one year; also ingo-biboon ningo-biboonagad"" vii be one year; pn nengo- biboonagak; aho ingo-biboonagad ningo-diba'igan* pc one hour, one mile; also ingo- diba'igan ningo-diba'iganed* vii be one o'clock; pn nengo- diba'iganek; also ingo-diba'iganed ningo-diba'igaans* pc one minute, one acre; also ingo-diba'igaans ningo-dibik* pc one night; aho ingo-dibik ningoding* pc sometime, at one time; also ingoding ningodoninj* pc one inch; also ingodoninj ningodozid* pc one foot; aho ingodozid ningodooshkin* pc one bag; also ingodooshkin ningodwaaching* pc six times; also ingodwaaching ningodwaachinoori* /ningodwaachin-/ vii they are six; pn nengodwaachingin; also ingodwaachinoon ningodwaachiwag* /ningodwaachi-/ vai they are six; Ipl niningodwaachimin; pn nengodwaachijig; also ingodwaachiwag ningodwaak* nm one hundred; also ingodwaak ningodwaasimidaria* nm sixty; also ingodwaasimidana ningodwaaso-* pv4 six; aho ingodwaaso- ningodwaaso-anama'e-giizhik* pc six weeks; also ingodwaaso-amama'e-giizhik ningodwaasosagoons* nm six thousand; aho ingodwaasosagoons ningodwaasoobii'igan* na six (card); pi ningodwaasoobii'iganag ningodwaasooshkin* pc six bags; aho ingodwaasooshkin ningodwaaswaabik* pc six dollars; also ingodwaaswaabik ningodwaaswaak* nm six hundred; aho ingodwaaswaak ningodwaaswewaan* pc six sets, six pairs; aho ingodwaaswewaan ningodwaaswi* nm, six; also ingodwaaswi ningodwewaan* pc. one pair, one set; also ingodwewaan ningo-giizhik* pc one day; also ingo-giizhik ningo-giizis* pc one month; also ingo-giizis ningoji*pc somewhere; also ingoji ningwa"" /ningwa'w-/ vta bury s.o.; Isg niningwa'waa; pn nengwa'waad"
4382,ningwa'abwaan,na,bread baked under the ashes; pi ningwa'abwaanag
4383,ningwa'igaazo,vai,be buried; pn nengwa'igaazod ningwaja* /ningwajja'w-/ vta hoe s.o.; Isg niningwaja'waa; pn nengwaja'waad
4384,ningwaja'an,vti,hoe s.t.; Isg niningwaja'aan; pn nengwaja'ang
4385,ningwaja'ige,vai,hoe; Isg niningwaja'ige; pn nengwaja'iged
4386,ningwakamigin,vta,put s.o. under the ground; Isg niningwakamiginaa; pn nengwakamiginaad
4388,nisawa'ogaan,ni,lodge with peaked roof; pi nisawa'ogaanan; loc nisawa'ogaaning; dim nisawa'ogaanens
4389,nisawayi'ii,pc,"in between it nisayenh /-sayeny-/ nad my older brother, my older male parallel cousin; pi nisayenyag"
4391,nisaabaawe,vii,get wet; pn nesaabaaweg; aug nisaabaawemagad; pn aug nesaabaawemagak nishi /niS-/ vta kill s.o.; Isg ninisaa; pn nesaad nishimis /-shimis-/ nad my cross-niece (female's brother's daughter or male's sister's daughter); pi nishimisag
4392,nishiwe,vai,"kill people; Isg ninishiwe; pn neshiwed nishiime /-shiimey-/ nad my younger sibling, my younger brother, my younger sister, my younger parallel cousin; pi nishiimeyag nishkanzh /-shkanzhy-/ nad my nail (fingernail, toenail), my claw; pi nishkanzhiig; loc nishkanzhiing nishkatay /-shkatay-/ nid my skin"
4394,nishkaajitaa,vai,"behave angrily, act up in anger; hg ninishkaajitaa; prt neshkaajitaad nishkendam vai2 feel angry, feel mad; Isg ninishkendam;/>?t neshkendang"
4395,nishkenim,vta,"be angry at s.o., be mad at s.o.; Isg ninishkenimaa; prt neshkenimaad"
4396,nishki',vta,"anger s.o., make s.o. mad; Isg ninishki'aa; prt neshki'aad nishki'idiwag /nishki'idi-/ vai they anger each other, they make each other mad; Ipl ninishki'idimin; prt neshki'idijig"
4398,nishkitaa,vai,"anger people, make people mad; Isg ninishkitaa; prt neshkitaad nishkiinzhig /-shkiinzhigw-/ nid my eye; pi nishkiinzhigoon; loc nishkiinzhigong"
4399,nishkoonzh,nid,my snout nishtigwaan /-shtigwaan-/ nid my head; pi nishtigwaanan; loc nishtigwaaning nishtigwaanigegan /-shtigwaanigegan-/ nid my skull; pi nishtigwaanigeganan
4400,nishwanaajichige,vai,"waste things, spoil things, destroy things; Isg ninishwanaajichige;/>r; neshwanaajichiged nishwanaaji* vta waste s.o., spoil s.o., destroy s.o.; Isg ninishwanaaji'aa; prt neshwanaaji'aad"
4401,nishwanaajitoon,vti2,"waste s.t., spoil s.t., destroy s.t.; Isg ninishwanaajitoon; prt neshwanaajitood nishwaaching* pc eight times; also ishwaaching nishwaachinoon* /nishwaachin-/ vii they are eight; prt neshwaachingin; also ishwaachinoon nishwaachiwag* /nishwaachi-/ vai they are eight; Ipl ninishwaachimin; prt neshwaachijig; also ishwaachiwag nishwaasimidana* urn eighty; also ishwaasimidana nishwaaso-* pv4 eight; also ishwaaso- nishwaaso-anama'e-giizhik*/>c eight weeks; also ishwaaso-anama'e-giizhik nishwaaso-biboon* pc eight years; also ishwaaso- biboon nishwaaso-biboonagad* vii be eight years; prt neshwaaso-biboonagak; also ishwaaso- biboonagad nishwaaso-biboonagizi* vaibe eight years old; Isg ninishwaaso-biboonagiz; prt neshwaaso- biboonagizid; also ishwaaso-biboonagizi nishwaaso-diba'igan* pc eight miles, eight hours; also ishwaaso-diba'igan nishwaaso-diba'iganed* vii be eight o'clock; prt neshwaaso-diba'iganek; also ishwaaso- diba'iganed nishwaaso-diba'igaans* pc eight minutes, eight acres; also ishwaaso-diba'igaans nishwaaso-dibik* pc eight nights; also ishwaaso- dibik nishwaaso-giizhik* pc eight days; also ishwaaso- giizhik nishwaaso-giizis* pc eight months; also ishwaaso- giizis nishwaasogon*£c eight days; also ishwaasogon nishwaasogonagad* vii be eight days; prt neshwaasogonagak; also ishwaasogonagad nishwaasogonagizi* vai be the eighth day of the month, be eight days old; prt neshwaasogonagizid; also ishwaasogonagizi nishwaasoninj* pc eight inches; also ishwaasoninj nishwaasosagoons* nm eight thousand; also ishwaasosagoons nishwaasozid* pc eight feet; also ishwaasozid nishwaasoobii'igan* na eight (card); pi nishwaasoobii'iganag; also ishwaasoobii'igan"
4402,nishwaasooshkin,pc,"eight bags; also ishwaasooshkin nishwaaswaabik* pc eight dollars; also ishwaaswaabik nishwaaswaak* nm eight hundred; also ishwaaswaak nishwaaswewaan* pc eight sets, eight pairs; also ishwaaswewaan nishwaaswi* nm eight; also ishwaaswi"
4405,nisidizo,vai,"kill oneself, commit suicide; Isg ninisidiz; prt nesidizod"
4411,nising,pc,"three times, thrice nisiwag /nisi-/ vai they are three; Ipl ninisimin; prt nesijig niso-pv4 three"
4412,niso-anama'e-giizhigad,vii,be three weeks; prt neso-anama'e-giizhigak niso-anama'e-giizhik /v three weeks
4413,niso-biboon,pc,three years
4416,niso-diba'igan,pc,"three hours, three miles"
4417,niso-diba'iganed,vii,be three o'clock; prt neso- diba'iganek
4418,niso-diba'igaans,pc,"three minutes, three acres niso-dibikpc three nights niso-giizhik /x three days niso-giizispc three months"
4419,nisogon,pc,three days
4422,nisoninj,pc,three inches nisosagoons nm three thousand
4423,nisozid,pc,three feet
4424,nisoobii'igan,na,"three (card), trey; pi nisoobii'iganag"
4425,nisooshkin,pc,three bags niswaabikp£ three dollars niswaak nm three hundred
4426,niswaakodaabaan,ni,travois; pi niswaakodaabaanan
4427,niswewaan,pc,"three sets, three pairs niswi nm three"
4428,nitam,pc,first
4430,nitamaage,vai,kill (s.t.) for people; Isg ninitamaage; pn netamaaged
4431,nitamaazo,vai,kill (s.t.) for oneself; Isg ninitamaaz; pn netamaazod
4433,nitamoozhaan,na,"eldest child, first-born; pi nitamoozhaanag; dim nitamoozhaanens nitawag /-tawag-/ nid my ear; pi nitawagan; loc nitawagaang nitaa- pv4 know hovr to do something, being good at, being skilled at, frequently do"
4438,nitaawigi',vta,"grow s.o., raise s.o. (e.g., a child); Isg ninitaawigi'aa; pn netaawigi'aad"
4439,nitaawigin,vii,grow up; pn netaawiging
4440,nitaawigitoon,vti2,"grow s.t., raise s.t. (e.g., a crop); Isg ninitaawigitoon; pn netaawigitood nitaawi* vta know how to make s.o.; Isg ninitaawi'aa; pn netaawi'aad"
4441,nitaawitoon,vti2,know how to make s.t.; Isg ninitaawitoon; pn netaawitood
4442,nitoon,vti2,"kill s.t.; Isg ninitoon; pn netood niwiidigemaagan /-wiidigemaagan-/ na my spouse, my wife, my husband, my companion; pi niwiidigemaaganag niwiiw /-wiiw-/ nad my wife; pi niwiiwag"
4444,niibawi',vta,make s.o. stand up; Isg niniibawi'aa; pn naabawi'aad
4445,niibawitoon,vti2,make s.t. stand up; Isg niniibawitoon; pn naabawitood niibaa- pv4 at night
4446,niibaa-anama'e-giizhigad,vii,be Christmas; prt naabaa-anama'e-giizhigak
4447,niibaabizo,vai,drive at night; Isg niniibaabiz; pn naabaabizod niibaa-dibikpc late at night
4449,niibidoon,vti2,weave s.t.; Isg niniibidoon; pn naabidood
4451,niibinaakwaanininj,ni,finger; pi niibinaakwaanininjiin; loc niibinakwaanininjiing; dim niibinaakwaanininjiins
4452,niibinaakwaanizidaan,ni,toe; pi niibinaakwaanizidaanan; loc niibinaakwaanizidaaning; dim niibinaakwaanizidaanens
4455,niibowa,pc,"many, much; oho niibiwa* niibowagadoon /niibowagad-/ vii they are many, there is much of it; pn naabowagakin niibowagiziwag /niibowagizi-/ vai they are many, there is much of it; prt naabowagizijig"
4456,niigaan,pc,"ahead, leading, at the front"
4459,niigaanagoodoon,vti2,hang s.t. in front; Isg niniigaanagoodoon; pn naagaanagoodood
4464,niigi',vta,"bear s.o., make s.o. grow, make s.o. in- crease in number; Isg niniigi'aa; pn naagi'aad"
4465,niigitoon,vti2,"make s.t. grow, make s.t. increase in number; Isg niniigitoon; pn naagitood"
4472,niiji-,pn,"my fellow niijikiwenh /-iijikiweny-/ riadmy (male's) brother, my (male's) male friend; pi niijikiwenyag niijikwe /-iijikwew-/ nad my (female's) female friend; pi niijikweg"
4474,niijiinini,nad,"my fellow man niikaan /-iikaan-/ nad my (male's) male friend ritual use, my (male's) brother ritual use, pi niikaanag niikaanis /-iikaanis-/ nad my (male's) brother ritual use, my (male's) male friend ritual use; pi niikaanisag"
4476,niima'an,vti,"pick s.t. up using something, carry s.t. using something; Isg niniima'aan; prt naama'ang"
4479,niimaakwa'an,vti,pick s.t. up (as or as with something stick- or wood-like); Isg niniimaakwa'aan; pn naamaakwa'ang
4480,niirni,vai,dance; Isg niniim; pn naamid
4482,niimi'idii-nagamon,ni,dance song; pi niimi'idii- nagamonan
4483,niimi',vta,make s.o. dance; Isg niniirni'aa; pn naami'aad niimi'idiwag /niimi'idi-/ vai they dance; Ipl niniimiMdimin; pn naami'idijig
4484,niimi'idiiwigamig,ni,dance hall; pi niimi'idiiwigamigoon; loc niimi'idiiwigamigong; dim niimi'idiiwigamigoons
4485,niimi'iwe,vai,give a dance; Isg niniimi'iwe; pn naami'iwed
4490,niinarninaagwad,vii,look weak; prt naanam i naagwak
4491,niinamizi,vai,"be weak, be frail; Isg niniinamiz; pn naanamizid niinawind pr we first person exclusive plural pronoun, us first person exclusive plural pronoun niindaa* vta send (s.t.) to s.o.; Isg niniindaa'aa; prt naandaa'aad"
4492,niindaa'iwe,vai,"send (s.t.) to people; Isg niniindaa'iwe; prt naandaa'iwed niineta^r only me, first person singular personal pronoun niinetawind/>r only us first person exclusive plural personal pronoun niingidawadamon /niingidawadamo-/ z>n fork (as a road or trail); pn naangidawadamog"
4494,niisayi'ii,pc,down from it
4495,niisaajiwan,pc,downstream
4500,niisaandawebizo,vai,climb down fast; Isg niniisaandawebiz; prt naasaandawebizod niisaanendam voi'feel depressed; Isg niniisaanendam; pn naasaanendang niishtana nm twenty
4501,niishtana-ashi-niizh,ni,twenty-two (gun)
4502,niisibidoon,vti2,"pull s.t. down, tear s.t. down; Isg niniisibidoon; prt naasibidood niisibizh /niisibiN-/ vta pull s.o. down, tear s.o. down; Isg niniisibinaa; prt naasibinaad"
4503,niisiiwe-minjikaawan,na,glove; pi niisiiwe- minjikaawanag niisiiwezh /niisiiwezhw-/ vta cut fringe in s.o.; Isg niniisiiwezhwaa; prt naasiiwezhwaad
4508,niiskindibe,vai,"have messy hair; Isg niniiskindibe; prt naaskindibed niitaa /-iitaaw-/ nad rny (male's) brother-in-law; pi niitaag niitaawis /-iitaawis-/ nad my (male's) male cross- cousin (male's father's sister's son or male's mother's brother's son); pi niitaawisag niiwana' /niiwana'w-/ vta slaughter s.o., beat s.o. to death; Isg niniiwana'waa; prt naawana'waad"
4509,niiwanishin,vai,die in an accident; Isg niniiwanishin; prt naawanishing niiwaabik />i four dollars niiwaak nm four hundred
4510,niiwewaan,pc,"four sets, four pairs niiwezh /niiweN-/ vta defeat s.o. in a contest or game, beat s.o.; hg niniiwenaa; prt naawenaad"
4512,niiwing,pc,four times niiwinoon /niiwin-/ mi they are four; prt naawingin niiwiwag /niiwi-/ vai they are four; Ipl niniiwimin; prt naawijig niiwo- pv4 four; also iniiyo-
4513,niiwo-anama'e-giizhigad,vii,be four weeks; prt naawo-anama'e-giizhigak; also niiyo- anama'e-giizhigad niiwo-anama'e-giizhikpc four weeks; also niiyo- anama'e-giizhik
4514,niiwo-biboon,pc,four years; also niiyo-biboon
4515,niiwo-biboonagad,vii,be four years; pn naawo- biboonagak; also niiyo-biboonagad
4516,niiwo-biboonagizi,vai,be four years old; Isg niniiwo-biboonagiz; prt naawo-biboonagizid; also niiyo-biboonagizi
4517,niiwo-diba'igan,pc,"four hours, four miles; also niiyo-diba'igan"
4518,niiwo-diba'igaans,pc,"four minutes, four acres; also niiyo-diba'igaans niiwo-dibik A four nights; also niiyo-dibik"
4519,niiwo-giizhigad,vii,be Thursday; prt naawo- giizhigak; also niiyo-giizhigad niiwo-giizhik/x four days; also niiyo-giizhik
4520,niiwo-giizis,pc,four months; also niiyo-giizis
4521,niiwogon,pc,four days; also niiyogon
4522,niiwogonagad,vii,be four days; prt naawogonagak; also niiyogonagad
4523,niiwogonagizi,vai,"be the fourth day of the month, be four days old; prt naawogonagizid; also niiyogonagizi"
4524,niiwoninj,pc,four inches; also niiyoninj niiwosagoons nm four thousand; also niiyosagoons
4525,niiwozid,pc,four feet; also niiyozid
4526,niiwoobii'igan,na,four (card); pi niiwoobii'iganag; also niiyoobii'igan
4527,niiwooshkin,pc,"four bags; also niiyooshkin niiyaw /-iiyaw-/ nid my body; pi niiyawan; loc niiyawing niiyawen'enh /-iiyawen'eny-/ nad my namesake (reciprocal relationship between name-giving sponsor and child); pi niiyawen'enyga niiyaas /-iiyaas-/ nid my flesh, my meat (of the body); loc niiyaasing niiyo- pv4 four; also niiwo-"
4528,niiyo-anama'e-giizhigad,vii,be four weeks; prt naayo-anama'e-giizhigak; also niiwo- anama'e-giizhigad niiyo-anama'e-giizhik/>c four weeks; also niiwo- anama'e-giizhik
4529,niiyo-biboon,pc,four years; also niiwo-biboon
4532,niiyo-diba'igan,pc,"four hours, four miles; also niiwo-diba'igan"
4533,niiyo-diba'iganed,vii,be four o'clock; prt naayo- diba'iganek; also niiwo-diba'iganed
4534,niiyo-diba'igaans,pc,"four minutes, four acres; also niiwo-diba'igaans"
4535,niiyo-dibik,pc,four nights; also niiwo-dibik
4537,niiyo-giizhik,pc,four days; also niiwo-giizhik
4538,niiyo-giizis,pc,four months; also niiwo-giizis
4539,niiyogon,pc,four days; also niiwogon
4542,niiyoninj,pc,four inches; also niiwoninj niiyosagoons nm four thousand; also niiwosagoons
4543,niiyoobii'igan,na,four (card); pi niiyoobii'iganag; also niiwoobii'igan niizh nm two
4544,niizhing,pc,"two times, twice niizhinoon /niizhin-/ vii they are two; prt naazhingin niizhiwag /niizhi-/ vai they are two; Ipl niniizhimin; prt naazhijig niizho- pv4 two"
4545,niizho-anama'e-giizhigad,pc,be two weeks
4546,niizho-anama'e-giizhik,pc,two weeks
4547,niizho-biboon,pc,two years
4550,niizho-diba'igan,pc,"two hours, two miles"
4551,niizho-diba'iganed,vii,be two o'clock; pn naazho- diba'iganek
4552,niizho-diba'igaans,pc,"two minutes, two acres niizho-dibikpc two nights"
4554,niizho-giizhik,pc,two days
4555,niizho-giizis,pc,two months
4556,niizhogon,pc,two days
4559,niizhoninj,pc,two inches niizhosagoons nm two thousand
4560,niizhozid,pc,two feet
4561,niizhoobii'igan,na,"deuce, two (card);£/ niizhoobii'iganag"
4563,niizhooshkin,pc,two bags
4564,niizhwaabik,pc,two dollars
4565,niizhwaaching,pc,seven times niizhwaachinoon /niizhwaachin-/ vii they are seven; prt naazhwaachingin niizhwaachiwag /niizhwaachi-/ vai they are seven; Ipl niniizhwaachimin; pn naazhwaachijig niizhwaak nm two hundred niizhwaasimidana nm seventy niizhwaaso- pv4 seven
4566,niizhwaaso-anama'e-giizhigad,pc,be seven weeks niizhwaaso-anama'e-giizhikpc seven weeks
4567,niizhwaaso-biboon,pc,seven years
4570,niizhwaaso-diba'igan,pc,"seven hours, seven miles niizhwaaso-diba'iganed viibe seven o'clock;prt naazhwaaso-diba'iganek"
4571,niizhwaaso-diba'igaans,pc,"seven minutes, seven acres niizhwaaso-dibikpc seven nights niizhwaaso-giizhikpc seven days"
4572,niizhwaaso-giizis,pc,seven months
4573,niizhwaasogon,pc,seven days
4576,niizhwaasoninj,pc,seven inches niizhwaasosagoons nm seven thousand
4577,niizhwaasozid,pc,seven feet
4578,niizhwaasoobii'igan,na,seven (card); pi niizhwaasoobii'iganag
4579,niizhwaasooshkin,pc,seven bags niizhwaaswaabikp£ seven dollars niizhwaaswaak nm seven hundred
4580,niizhwaaswewaan,pc,"seven sets, seven pairs niizhwaaswi nm seven"
4581,niizhwewaan,pc,"two sets, two pairs '"
4593,noojigiigoonyiwe,vai,go fishing; Isg ninoojigiigoonyiwe; pn nwaajigiigoonyiwed
4594,nooji',vta,"seek s.o., go after s.o., hunt for s.o.; Isg ninooji'aa; pn nwaaji'aad"
4595,nooji'iwe,vai,"seek people, hunt for people; Isg ninooji'iwe; pn nwaaji'iwed"
4597,noojitoon,vti2,"seek s.t., go after s.t., hunt for s.t.; Isg ninoojitoon; prt nwaajitood"
4598,noojiikwewe,vai,actively seek the company of women; Isg ninoojiikwewe; pn nwaajiikwewed
4602,nookaadad,vii,be mild; pn nwaakaadak
4603,nookaadizi,vai,"be meek, be mild; Isg ninookaadiz; prt nwaakaadizid"
4613,noomag,pc,"for a spell, a short while"
4614,noomaya,pc,recently
4619,noondaagochigan,ni,"musical instrument (espe- cially a wind instrument), whistle, horn, harmonica; pi noondaagochiganan; lac noondaagochiganing; dim noondaagochigaans noondaagochigan (horn)"
4621,noondaagotoon,vti2,play s.t. as a wind instru- ment; Isg ninoondaagotoon; prt nwaandaagotood
4624,noondesachige,vai,run short of things; Isg ninoondesachige; prt nwaandesachiged
4625,noondesa',vta,run short of s.o.; Isg ninoondesa'aa; prt nwaandesa'aad noondesatoon ™'2run short of s.t.; Isg ninoondesatoon; prt nwaandesatood
4628,noongom,pc,"now, today, nowadays"
4630,noopiming,pc,"inland, in the woods, in the bush"
4631,noopinadoon,vti2,"go after s.t., follow s.t.; Isg ninoopinadoon; prt nwaapinadood noopinazh /noopinaN-/ vta go after s.o., follow s.o.; Iff; ninoopinanaa; prt nwaapinanaad noos /-oos-/ nad my father old-fashioned', pi noosag"
4635,nooshkaatoon,vti2,"winnow s.t. (e.g., wild rice); Isg ninooshkaatoon; prt nwaashkaatood nooskwaada' /nooskwaada*w-/ vta lick s.o.; Isg ninooskwaada'waa; prt nwaaskwaada'waad"
4636,nooskwaada'an,vti,"lick s.t.; Isg ninooskwaada'aan; prt nwaaskwaada'ang noozh InooN-l vta nurse s.o. (e.g., a baby); Isg ninoonaa; prt nwaanaad noozhishenh /-oozhisheny-/ nad my grandchild; pi noozhishenyag"
4638,obikwaaj,nid,bulb; pi obikwaajiin; loc obikwaajiing; dim obikwaajiins
4640,obiimiskodisii,na,snail; pi obiimiskodisiig; dim obiimiskodisiins
4641,oboodashkwaanishiinh,na,dragonfly; pi oboodashkwaanishiinyag od= pre third person prefix before vowels in verbs and non-dependent nouns
4645,odaminwaagan,m,"toy, plaything; pi odaminwaaganan; loc odaminwaaganing; dim odaminwaagaans"
4646,odasiniinsimi,vai,have gallstones; Isg indoodasiniinsimi; pn wedasiniinsimid
4647,odatagaagomin,na,blackberry; pi odatagaagominag; dim odatagaagominens
4648,odatagaagominagaawanzh,na,blackberry bush; pi odatagaagominagaawanzhiig; he odatagaagominagaawanzhiing; dim odatagaagominagaawanzhiins
4655,odaabii',vta,"drive s.o. (e.g., a draft animal or a car); Isg indoodaabii'aa; pn wedaabii'aad"
4656,odaabii'aagan,na,draft animal; pi odaabii'aaganag; dim odaabii'aagaans
4657,odaabii'iwe,vai,drive; Isg indoodaabii'iwe; prt wedaabii'iwed
4658,odaabii'iwe-mazina'igaans,ni,driver's license; pi odaabii'iwe-mazina'igaansan
4659,odaabii'iwewinini,na,driver; pi odaabii'iwewininiwag; dim odaabii'iwewininiins
4669,odaapishkaa,vii,shrink; prt wedaapishkaag; aug odaapishkaamagad; pn aug wedaapishkaamagak
4670,odaapishkaa,vai,shrink; prt wedaapishkaad
4671,odaawaa,na,Odawa (Ottawa); pi odaawaag; dim odaawaans
4672,odaawaamo,vai,speak Odawa (Ottawa); Isg indoodaawaam; pn wedaawaamod
4673,ode'imin,ni,strawberry; pi ode'iminan; dim ode'iminens
4674,ode'imini-giizis,na,"June odish /odiS-/ vta come up to s.o., visit s.o., reach s.o.; Isg indoodisaa; pn wedisaad"
4678,odoondanegwaajigan,ni,tab at heel of moccasin; pi odoondanegwaajiganan; dim odoondanegwaajigaans
4679,odoonibii,na,"tullibee; pi odoonibiig; dim odoonibiins; also odoonibiins, -ag"
4686,ogimaakaw,vta,"make s.o. chief, make s.o. leader; Isg indoogimaakawaa; prt wegimaakawaad"
4688,ogimaakwens,na,princess; pi ogimaakwensag
4691,ogimaawiwin,ni,"government, authority, leader- ship; pi ogimaawiwinan"
4696,o'omaa,pc,"here; also omaa o'owedi pr this over here inanimate singular demonstrative; oho owed! ojaanimendam vai2 be anxious, be impatient; Isg indoojaanimendam; prt wejaanimendang ojaanimi- pv4 busy, noisy"
4697,ojaanimi',vta,"make s.o. hurry, rush s.o.; Isg indoojaanimi'aa; pn wejaanimi'aad"
4698,ojaanimim,vta,hurry s.o. by speech; Isg indoojaanimimaa; pn wejaanimimaad
4700,ojaanimitoon,vti2,be eager to do s.t.; Isg indoojaanimitoon; pn wejaanimitood
4706,ojibwemotaw,vta,speak Ojibwe to s.o.; Isg indoojibwemotawaa; prt wejibwemotawaad
4710,ojibwewibii'an,vti,write s.t. in Ojibwe; hg indoojibwewibii'aan; pn wejibwewibii'ang
4711,ojibwewibii'igaade,vii,be written in Ojibwe; prt wejibwewibii'igaadeg; aug ojibwewibii'igaademagad; pn aug wejibwewibii'igaademagak
4712,ojibwewibii'ige,vai,write things in Ojibwe; Isg indoojibwewibii'ige; prt wejibwewibii'iged
4713,ojibwewisidoon,vti2,put s.t. into Ojibwe; Isg indoojibwewisidoon; prt wejibwewisidood
4714,ojibwewisin,vii,"be written in Ojibwe (e.g., a book); prt wejibwewising"
4715,ojichaagobiishin,vii,reflect in water; pn wejichaagobiishing
4716,ojichaagobiisin,vii,reflect in water; prt wejichaagobiising
4721,ojiibikaawi,vai,have roots; pn wejiibikaawid
4725,ojiishigi,vai,have a scar; Isg indoojiishig; prt wejiishigid
4729,okanakosimaan,ni,squash; pi okanakosimaanan; loc okanakosimaaning; dim okanakosimaanens
4731,okawitoon,vti2,find the tracks of s.t.; Isg indookawitoon; pn wekawitood
4733,okaadaak,ni,carrot; pi okaadaakoon; loc okaadaakong; dim okaadaakoons
4739,okeyaw,na,fish decoy; pi okeyawag
4745,okosidoon,vti2,"pile s.t., stack s.t.; Isg indookosidoon; pn wekosidood"
4749,okwapidoon,vti2,tie s.t. in a bunch; Isg indookwapidoon; pn wekwapidood okwapizh /okwapiN-/ vta tie s.o. in a bunch; Isg indookwapinaa; pn wekwapinaad
4752,okwaakosidoon,vti2,stack s.t. (as something stick- or wood-like); Isg indookwaakosidoon; pn wekwaakosidood
4754,omakakiiwinini,na,Finn; pi omakakiiwininiwag
4755,omanoominii,na,Menominee; pi omanoominiig
4757,omashkiigoomo,vai,speak Cree; Isg indoomashkiigoom; prt wernashkiigoomod
4761,ombaabiigin,vta,"hoist s.o., lift s.o. (as with some- thing string-like); Isg indoombaabiiginaa; pn wembaabiiginaad"
4762,ombaabiiginan,vti,"hoist s.t., lift s.t. (as with some- thing string-like); Isg indoombaabiiginaan; pn wembaabiiginang ombaakwa' /ombaakwa'w-/ via raise s.o. (as or as with something stick- or wood-like); Isg indoombaakwa'waa; pn wembaakwa'waad"
4763,ombaakwa'an,vti,raise s.t. (as or as with some- thing stick- or wood-like); Isg indoombaakwa'aan; pn wembaakwa'ang
4771,ombi',vta,"excite s.o., stir s.o. up; Isg indoornbi'aa; pn wembi'aad"
4781,ombiwebin,vta,throw s.o. upwards; Isg indoombiwebinaa; pn wernbiwebinaad
4782,ombiwebinan,vti,throw s.t. upwards; Isg indoombiwebinaan; pn wembiwebinang
4783,ombiwidoon,vti2,lift and carry s.t.; Isg indoombiwidoon; pn wembiwidood ombiwizh /ombiwiN-/ vta lift and carry s.o.; Isg indoombiwinaa; pn wembiwinaad
4784,ombizigan,ni,baking soda; loc ombiziganing
4786,ombiigwewe,vai,be loud (in operation); pn wembiigwewed ombiigwewe viibe loud (in operation);pit wembiigweweg; aug ombiigwewemagad; pn aug wembiigwewemagak
4793,omiimiisi,na,mayfly; pi omiimiisiwag
4797,onabi',vta,seat s.o.; Isg indoonabi'aa; pn wenabi'aad
4798,onabi'iwe,vai,seat people; Isg indoonabi'iwe; pn wenabi'iwed
4805,onagizh,ni,sausage; pi onagizhiin; loc onagizhiing; dim onagizhiins; also onagizhiins onagizhiinsan /onagizhiins-/ ni macaroni plural
4807,onagoodoon,vti2,hang s.t. in place; Isg indoonagoodoon; pn wenagoodood
4809,onakidoon,vti2,set s.t. up; Isg indoonakidoon; pn wenakidood onakizh /onakiN-/ vta set s.o. up; Isg indoonakinaa; pn wenakinaad
4811,onapidoon,vti2,tie s.t. in place; Isg indoonapidoon; pn wenapidood
4814,onashkinade,vii,be loaded; pn wenashkinadeg; aug onashkinademagad; pn aug wenashkinademagak
4815,onashkinadoon,vti2,"load s.t. (e.g., a gun); Isg indoonashkinadoon; pn wenashkinadood"
4816,onashkina',vta,"load s.o. (e.g., a pipe); Isg indoonashkina'aa; pn wenashkina'aad"
4828,onaagoshi-miijin,vti3,eat s.t. for supper; Isg indoonaagoshi-miijin; pn wenaagoshi-miijid onaagoshin /onaagoshi-/ vii be evening; pn wenaagoshig
4832,onaakosidoon,vti2,"set s.t. up as a frame; Isg indoonaakosidoon; pn wenaakosidood on dad am on /ondadamo-/ vii lead from a certain place (as a road or trail); pn wendadamog ondademo vat cry for a certain reason, come from a certain place crying; Isg indoondadem; pn wendademod"
4833,onda'ibaan,ni,"water well, water source; pi onda'ibaanan; loc onda'ibaaning; dim onda'ibaanens"
4834,onda'ibii,vai,get water from a certain place; Isg indoonda'ibii; pn wenda'ibiid
4837,ondamendan,vti,"worry about s.t., be preoccupied with s.t.; hg indoondamendaan; pn wendamendang"
4838,ondamenim,vta,"worry about s.o., be preoccupied with s.o.; hg indoondamenimaa; pn wendamenimaad"
4839,ondami',vta,"hinder s.o., get in s.o.'s way; Isg indoondami'aa; pn wendami'aad"
4840,ondamitaa,vai,be kept busy in an activity; Isg indoondamitaa; pn wendamitaad
4845,ondaada'e,vai,skate from a certain place; Isg indoondaada'e; pn wendaada'ed
4849,ondaasagaam,pc,on this side of the water
4850,ondaasayi'ii,pc,on this side of it
4851,ondaashaan,pc,come here! (especially said to children)
4854,ondaasishkode,pc,on this side of the fire
4878,onizhishi',vta,"make s.o. nice, make s.o. well; Isg indoonizhishi'aa; prt wenizhishi'aad"
4880,onizhishitoon,vti2,"make s.t. nice, make s.t. well; Isg indoonizhishitoon; pn wenizhishitood"
4881,oniijaanisensi,vai,have a small child; Isg indooniijaanisens; pn weniijaanisensid
4883,oniijaaniw,na,"doe; pi oniijaaniwag; dim oniijaaniins onji- pv3 from a certain place, for a certain reason, because"
4888,onjida,pc,on purpose
4889,onjidaabii'iwe,vai,drive from a certain place; hg indoonjidaabii'iwe; pn wenjidaabii'iwed
4892,onjinawe',vta,"anger s.o. for a certain reason, make s.o. mad for a certain reason; hg indoonjinawe'aa; pn wenjinawe'aad onjinazh /onjinaN-/ vta kill s.o. for a certain reason; hg indoonjinanaa; pn wenjinanaad"
4893,onjinizhirno,vai,run from a certain place in flight; hg indoonjinizhim; prt wenjinizhimod
4895,onjise,vii,fly from a certain place; prt wenjiseg; aug onjisemagad; pn aug wenjisemagak
4896,onjishkawa'o,vai,paddle against the wind; hg indoonjishkawa'; pn wenjishkawa'od; also onjishkawa'ann
4898,onjiwidoon,vti2,"take s.t. from a certain place, carry s.t. from a certain place; hg indoonjiwidoon; pn wenjiwidood onjiwizh /onjiwiN-/ vta take s.o. from a certain place, carry s.o. from a certain place; hg indoonjiwinaa; prt wenjiwinaad"
4900,onwaachige,vai,foretell the future; hg indoonwaachige; prt wenwaachiged
4904,onzaam,pc,"too much, excessively, extremely"
4905,onzaamashkinadoon,vti2,overfill s.t. with solids; hg indoonzaamashkinadoon; pn wenzaamashkinadood
4906,onzaamashkina',vta,overfill s.o. with solids; hg indoonzaamashkina'aa; prt wenzaamashkina'aad
4909,onzaamenimo,vai,"be elated, be overexcited; hg indoonzaamenim; pn wenzaamenimod"
4910,onzaamibadoon,vti2,overfill s.t. (with a liquid); hg indoonzaamibadoon; pn wenzaamibadood onzaamibazh /onzaamibaN-/ vta give s.o. too much to drink; hi? indoonzaamibanaa; pn wenzaamibanaad
4912,onzaamichige,vai,overdo things; Isg indoonzaamichige; pn wenzaamiehiged
4913,onzaamide,vii,be overcooked; pn wenzaamideg; aug onzaamidemagad; pn aug wenzaamidemagak
4915,onzaamine,vai,be very sick; hg indoonzaamine; prt wenzaamined
4916,onzaamingwaam,vai,"oversleep; hg indoonzaamingwaam; pn wenzaamingwaang onzaamiwane waa pack too much of a load; hg indoonzaamiwane; pn wenzaamiwaned onzaamiz /onzaamizw-/ vta overcook s.o., overheat s.o.; hg indoonzaamizwaa; prt wenzaamizwaad"
4917,onzaamizan,vti,"overcook s.t., overheat s.t.; hg indoonzaamizaan; prt wenzaamizang"
4918,onzaamizo,vai,be overcooked; pn wenzaamizod
4923,opime-ayi'ii,pc,on the side of it; also opimeya'ii
4924,opimekana,pc,"along the side of the road, along the side of the trail"
4925,opimese,vai,fall on the side; prt wepimesed opimeshim uaz'lay s.o. on side; Isg indoopimeshimaa; prt wepimeshimaad
4927,opimesidoon,vti2,lay s.t. on side; Isg indoopimesidoon; prt wepimesidood
4928,opimesin,vii,lie on side; prt wepimesing
4931,opwaaganasin,na,pipestone; pi opwaaganasiniig
4934,oshedinaa,vii,there is a ridge; prt weshedinaag; aug oshedinaamagad; prt aug weshedinaamagak
4936,oshkaya'aawi,vai,be young; Isg indooshkaya'aaw; prt wedooshkaya'aawid; also oshki-aya'aawi
4937,oshkaya'aa,na,"someone new, someone young; pi oshkaya'aag; dim oshkaya'aans; also oshki- aya'aa"
4938,oshkayi'ii,ni,"something new, something young; pi oshkayi'iin; dim oshkayi'iins; also oshki-ayi*ii"
4939,oshkayi'iiwan,vii,"be young, be new; prt weshkayi'iiwang"
4941,oshki-bimaadizi,vai,be young; Isg indooshki- bimaadiz; prt weshki-bimaadizid
4943,oshki'o,vai,wear new clothes; Isg indooshki'; prt weshki'od
4948,oshkiniigi,vai,"be young, be an adolescent; Isg indooshkiniig; prt weshkiniigid"
4951,oshkiinaagozi,vai,"look young, look new; Isg indooshkiinaagoz; prt weshkiinaagozid"
4952,oshkiinaagwad,vii,look new; prt weshkiinaagwak
4955,oshtigwaanens,ni,"postage stamp; pi oshtigwaanensan; he oshtigwaanensing oshtigwaanzhaabonigan in common pin;pi oshtigwaanzhaaboniganan osidaawendam vai2 be sad, be dejected, be sor- rowful; Isg indoosidaawendam; prt wesidaawendang owapc exclamation of agreeable surprise owed! pr this over here inanimate singular demonstrative; also o'owedi"
4956,owidi,pc,over here; also o'owidi
4957,owiiyawen'enyi,vai,be a namesake; Isg indoowiiyawen'enh; prt wewiiyawen'enyid
4958,ozagaskwaajime,na,"leech, bloodsucker; pi ozagaskwaajimeg; dim ozagaskwaajimens; also zagaskwaajime"
4970,ozaawaa-zhooniyaa,ni,gold; loc ozaawaa- zhooniyaang; dim ozaawaa-zhooniyaans; also ozhaawaa-zhocmiyaa
4971,ozaawaa-zhooniyaawaande,vii,be colored gold; prt wezaawaa-zhooniyaawaandeg; aug ozaawaa-zhooriiyaawaandemagad; pn aug wezaawaa-zhooniyaawaandemagak; also ozhaawaa-zhooniyaawaande
4972,ozaawaa-zhooniyaawaanzo,vai,be colored gold; pn wezaawaa-zhooniyaawaanzod; also ozhaawaa-zhooniyaanzo
4976,ozaawi'o,vai,"wear brown, wear yellow; Isg indoozaawi'; pn wezaawi'od"
4977,ozaawikaadaak,ni,carrot; pi ozaawikaadaakoon; loc ozaawikaadaakong; dim ozaawi kaadaakoons
4978,ozaawikosimaan,ni,pumpkin; pi ozaawikosimaanan; loc ozaawikosimaaning; dim ozaawikosiimaanens
4992,ozhaawashko-bineshiinh,na,bluebird; pi ozhaawashko-bineshiinyag
4993,ozhaawashko'o,vai,"wear blue, wear green; Isg indoozhaawashko'; pn wezhaawashko'od"
5004,ozhaawashkwaanagiingwe,vai,have a bruised face; Isg indoozhaawashkwaanagiingwe; pn wezhaawashkwaanagiingwed
5007,ozhibii'amaw,vta,write (s.t.) for s.o.; Isg indoozhibii'amawaa; pn wezhibii'amawaad
5008,ozhibii'an,vti,"write s.t., write s.t. down; Isg indoozhibii'aan; pn wezhibii'ang"
5009,ozhibii'igan,m,"letter of the alphabet, something written; pi ozhibii'iganan; loc ozhibii'iganing; dim ozhibii'igaans"
5010,ozhibii'iganaaboo,ni,"ink; loc ozhibii'iganaaboong ozhibii'iganaak HI pen, pencil; pi ozhibii'iganaakoon; loc ozhibii'iganaakong; dim ozhibii'iganaakoons"
5011,ozhibii'igaade,vii,be written; prt wezhibii'igaadeg; aug ozhibii'igaademagad; pn aug wezhibii'igaademagak
5012,ozhibii'ige,vai,write; Isg indoozhibii'ige; pn wezhibii'iged
5013,ozhibii'ige-adoopowin,m,desk; pi ozhibii'ige- adoopowinan; he ozhibii'ige-adoopowining; dim ozhibii'ige-adoopowinens
5014,ozhibii'igewigamig,ni,office; pi ozhibii'igewigamigoon; he ozhibii'igewigamigong; dim ozhibii'igewigamigoons
5015,ozhibii'igewikwe,na,"secretary (female), clerk (female); pi ozhibii'igewikweg"
5016,ozhibii'igewinini,na,"secretary (male), clerk (male); pi ozhibii'igewininiwag"
5020,ozhiga'ige,vai,tap trees; 7^indoozhiga'ige;prt wezhiga'iged
5021,ozhigaw,vta,build a house for s.o.; Isg indoozhigawaa; prt wezhigawaad
5027,ozhitoon,vti2,"make s.t., build s.t., form s.t.; Isg indoozhitoon; prt wezhitood"
5035,oziigishkaa,vai,wrinkle up; prt weziigishkaad
5039,oziisigobimizh,na,willow; ^/oziisigobimizhiig; he oziisigobimizhiing; dim oziisigobimizhiins
5040,oziisigobimizhii-makak,ni,willow basket; pi oziisigobimizhii-makakoon; he oziisigobimizhii-makakong; dim oziisigobimizhii-makakoons ozosodam vai2 cough; Isg indoozosodam; prt wezosodang
5042,ozosodamwaapine,vai,"have a respiratory illness, have tuberculosis; Isg indoozosodamwaapine; prt wezosodamwaapined"
5043,ozosodamwaapinewin,ni,tuberculosis
5044,oo,pc,oh!
5048,ookwemin,ni,black cherry; pi ookweminan; dim ookweminens
5049,ookweminagaawanzh,na,"black cherry bush; pi ookweminagaawanzhiig; he ookweminagaawanzhiing; dim ookweminagaawanzhiins oonhpc oh!, so... P"
5050,pane,pc,"always, continuously; also apane S"
5051,sa,pc,"emphatic', also isa"
5052,-sh,pc,"and, and then; also dash, idash"
5053,shi,pc,plus used in counting; also ashi T
5054,taayaa,pc,man's expression of mild displeasure or disdain; also aatayaa w w= pre third person prefix before an initial ii of a dependent noun stem
5055,wabaashiiwan,vii,ttiere is a narrows; prt webaashiiwang
5056,wabigamaa,vii,"there is a channel between lakes, there is a narrows; prt webigamaag; aug wabigamaama.gad; prt aug webigamaamagak"
5058,wadabii-makak,ni,basket of spruce root; pi wadabii-makakoon; loc wadabii-makakong; dim wadabii-makakoons
5060,wadiswan,ni,bird nest; pi wadiswanan; loc wadiswaning; dim wadiswaans
5061,wado,na,blood clot; pi wadowag
5062,wadoop,ni,alder; pi wadoopiin; he wadoopiing; dim wadoopiins
5063,wagidajiw,pc,"on top of a mountain; also ogidajiw*, agidajiw"
5064,wagidakamig,pc,"on top of the ground; also ogidakamig*, agidakamig"
5065,wagidasin,pc,"on top of a rock; also ogidasin*, agidasin wagidaabikpc on something mineral (e.g., metal, glass, rock); also ogidaabik*, agidaabik"
5066,wagidaajiwan,pc,"upstream; also ogidaajiwan*, agidaajiwan"
5067,wagidaaki,pc,"on top of a hill; also ogidaaki*, agidaaki wagidibiig/>£ on top of the water; also ogidibiig*, agidibiig"
5068,wagidigamig,pc,"on top of the house; also ogidigamig*, agidigamig"
5069,wagidiskwam,pc,"on top of the ice; also ogidiskwam*, agidiskwam"
5070,wagijayi'ii,pc,"on top of it; aha ogijayi'ii*, agijayi'ii"
5071,wagiji-,pn,"on top of; oho ogiji-*, agiji- wa'aw pr this animate singular demonstrative wa'awedi pr this over here animate singular demonstrative"
5072,wajepii,vai,be fast; Isg niwajepii; prt wejepiid
5080,wanakong,pc,"on trie tip, on the treetop"
5081,wanaabidoo'an,vti,make a mistake beading s.t. on a loom; Isg niwanaabidoo'aan; pn wenaabidoo*ang
5082,wanaabidoo'ige,vai,make a mistake beading things on a loom; Isg niwanaabidoo'ige; pn wenaabidoo'iged
5089,wanibii'an,vti,make a mistake writing s.t.; Isg niwanibii'aan; pn wenibii'ang
5090,wanibii'ige,vai,make a mistake writing; Isg niwanibii'ige; prt wenibii'iged
5091,wanicbige,vai,make a mistake; Isg niwanichige; pn wenichiged
5095,wani',vta,lose s.o.; hg niwani'aa; pn weni'aad
5099,waninawe'an,vti,stir s.t.; hg niwaninawe'aan; prt weninawe'ang
5100,waninawe'igan,ni,"eggbeater, mixer; pi waninawe'iganan; he waninawe'iganing; dim waninawe'igaans"
5103,wanishkwem,vta,"disturb s.o. by speech, interrupt s.o. by speech; hg niwanishkwemaa; pn wenishkwemaad"
5104,wanishkweyendam,vai,be distracted; Isg niwanishkweyendam; pn wenishkweyendang wanisidoon vri2 misplace s.t.; /s^niwanisidoon; pn wenisidood
5106,wanitoon,vti2,lose s.t.; Isg niwanitoon; prt wenitood
5107,wanii'amaw,vta,trap for s.o.; Isg niwanii'amawaa; prt wenii'amawaad
5108,wanii'igan,ni,trap; pi wanii'iganan; loc wanii'iganing; dim wanii'igaans
5109,wanii'igewinini,na,trapper; pi wanii'igewininiwag
5110,wapaa',vta,disturb s.o.'s sleep; Isg niwapaa'aa; prt wepaa'aad
5111,washkibagizo,vai,turn in place; Isg n i wash ki bag! z; prt weshkibagizod
5112,washkigaabawi,vai,turn while standing; Isg niwashkigaabaw; prt weshkigaabawid
5113,washki-giiwe,vai,turn and go back; Isg niwashki- giiwe; prt weshki-giiwed wash kitigweyaa mi flow around a bend (as a river); prt weshkitigweyaag; aug washkitigweyaamagad; prt aug wesh kitigweyaamagak wawaase= < waase
5114,wawaasese,vii,there is lightning; prt wewaaseseg; aug wawaasesemagad; pn aug wewaasese magak
5116,wawezhichigaazo,vai,be decorated; prt wewezh i ch i gaazod
5117,wawezhichige,vai,decorate things; Isg niwawezhichige; prt wewezhichiged
5118,wawezhi',vta,"decorate s.o., dress s.o. up, make s.o. up; Isg niwawezhi'aa; prt wewezhi'aad"
5119,wawezhi'o,vai,"dress up, make up oneself; Isg ni wawezhi'; prt wewezh Pod"
5120,wawezhitoon,vti2,decorate s.t.; Isg ni wawezhi toon; pn wewezhitood
5124,wawiyazh,pc,"funny, comical"
5127,wawiingechige,vai,"do exactly, do skilfully; Isg niwawiingechige; pn wewiingechiged"
5128,wawiinge',vta,make s.o. skilfully; Isg niwawiinge'aa; prt wewiinge'aad
5129,wawiingetoon,vti2,make s.t. skilfully; Isg niwawiingetoon; prt wewiingetood
5131,way,pc,exclamation
5132,wayekwaase,vii,come to an end; prt weyekwaaseg; aug wayekwaasemagad; pn aug weyekwaasemagak
5133,wayeshkad,pc,"at first, in the beginning"
5135,wayezhinge,vai,"cheat people, deceive people; Isg niwayezhinge; prt weyezhinged wayiiba /v soon, early, in a little while; also wiiba*"
5138,wazhashkwiish,ni,muskrat lodge; pi wazhashkwiishan; loc wazhashkwiish ing
5139,waa,pc,"exclamation waa- pvl will, want to changed form of future Idesiderative verb prefix"
5143,waabanda'iwe,vai,"show (s.t.) to people; Isg niwaabanda'iwe; prt wayaabanda'iwed waabanda* iwewin ni show, exhibition; pi waabanda'iwewinan; loc waaban d a' iwewin ing"
5146,waabandizowin,ni,mirror; pi waabandizowinan; loc waabandizowin ing; dim waabandizowinens
5147,waabang,vii,tomorrow conjunct form of verb waaban
5149,waabani-noodin,ni,east wind
5151,waabanjigaazo,vai,be seen; pn wayaabanjigaazod
5152,waabanong,pc,"in die east, to the east"
5154,waabashkikiiwan,vii,be swampy; pn wayaabashkikiiwang
5155,waabaabigan,na,white clay
5163,waabigwanii-giizis,na,May
5167,waabi-makade,ni,smokeless gunpowder
5169,waabishkawedoon,vai,have white whiskers; Isg niwaabishkawedoon; pn wayaabishkawedoong
5180,waabishki'o,vai,wear white; Isg niwaabishki'; pn wayaabishki'od
5186,waabishkiingwechigan,m,face powder; loc waabishkiingwechiganing; dim waabishkiingwechigaans
5189,waabizhagindibe,vai,be bald; Isg niwaabizhagindibe; pn wayaabizhagindibed
5194,waabiingwe,vai,be pale faced; Isg niwaabiingwe; pn wayaabiingwed
5198,waaboozwaaboo,ni,rabbit soup; loc waaboozwaaboong
5205,waagaakwadoons,ni,hatchet; pi waagaakwadoonsan; loc waagaakwadoonsing waagaakwadwaatig in ax handle; pi waagaakwadwaatigoon; loc waagaakwadwaatigong; dim waagaakwadwaatigoons
5206,waagibidoon,vti2,bend s.t. with hands; Isg niwaagibidoon; pri wayaagibidood waagibizh /waagibiN-/ vta bend s.o. with hands; Isg niwaagibinaa; prt wayaagibinaad
5210,waaginaa,na,canoe rib; pi waaginaag; loc waaginaang; dim waaginaans
5215,waak,ni,fish egg; pi waakwan
5216,waakaa'igan,ni,"house, building; pi waakaa'iganan; he waakaa'iganing; dim waakaa'igaans"
5217,waakaa'ige,vai,build a house; Isg niwaakaa'ige; prt wayaakaa'iged
5218,waakaa'igewinini,na,carpenter; pi waakaa'igewininiwag
5219,waangawi',vta,tame s.o.; 7j^niwaangawi'aa;p« wayaangawi'aad
5225,waanzhibiiyaa,vii,"be a pond, be a pothole of water, be a puddle; prt wayaanzhibiiyaag; aug waanzhibiiyaamagad; prt aug wayaanzhibiiyaamagak"
5226,waasa,pc,"far, distant"
5228,waasamoo-anokiiwinini,na,electrician; pi waasamoo-anokiiwininiwag
5230,waasamoo-jiimaan,ni,motor launch; pi waasamoo-jiimaanan; loc waasamoo- jiimaaning; dim waasamoo-jiimaanens
5234,waasaabikide,vii,"shine (as something mineral), reflect (as something mineral); pri wayaasaabikideg; aug waasaabikidemagad; prt aug wayaasaabikidemagak"
5242,waaseyaanakwad,vii,clouds can be seen through; prt wayaaseyaanakwak
5243,waaseyiigad,vii,"be bright (as something sheet- like), be shiny (as something sheet-like); prt wayaaseyiigak"
5244,waaseyiigizi,vai,"be bright (as something sheet- like), be shiny (as something sheet-like); pn wayaaseyiigizid"
5245,waasikotoon,vti2,make s.t. shiny; Isg niwaasikotoon; pn wayaasikotood
5246,waasikwa',vta,"polish s.o., shine s.o.; Isg niwaasikwa'waa; pn wayaasikwa'waad waasikwa'an cri polish s.t. shine s.t.; Isg s niwaasikwa'aan; pn wayaasikwa'ang"
5250,waatebagaa-giizis,na,"October, September; also waatebago-gims"
5256,waawiyebii'igan,ni,compass (drawing instrument); pi waawiyebii'iganan; loc waawiyebii'iganing; dim waawiyebii'igaans
5257,waawiyebii'ige,vai,"draw a circle; Isg niwaawiyebii'ige; pn wayaawiyebii'iged waawiye"" vta make s.o. round; Isg niwaawiye'aa; pn wayaawiye 'aad"
5258,waawiyem'magad,vii,be round (as something ball- like); pn wayaawiyeminagak
5259,waawiyeminagizi,vai,be round (as something ball- like); pn wayaawiyeminagizid
5260,waawiyetoon,vti2,make s.t. round; Isg niwaawiyetoon; pn wayaawiyetood
5264,waawiyeyaakozi,vai,be round (as something stick- or wood-like); pn wayaawiyeyaakozid
5265,waawiyeyaakwad,vii,be round (as something stick- or wood-like); pn wayaawiyeyaakwak
5266,waawiyezi,vai,"be round, be circular; Isg niwaawiyez; pn wayaawiyezid"
5269,waawiinjigaade,vii,"be explained, be talked about all the time; pn wayaawiinjigaadeg; aug waawiinjigaademagad; pn aug wayaawiinjigaademagak"
5270,waawiinjigaazo,vai,"be talked about all the time; pn wayaawiinjigaazod waawiinzh /waawiinN-/ vta mention s.o., name s.o.; Isg ninwaawiinaa; pn wayaawiinaad"
5273,waazakonebidoon,vti2,turn s.t. on for a light; Isg niwaazakonebidoon; pn wayaazakonebidood
5275,waazakonenjiganaaboowadaawewigamig,ni,gas station; also waazakonenjiganaaboo- adaawewigamig
5276,waazakonenjiganaaboowakik,na,"gas tank, gas can; pi waazakonenjiganaaboowakikoog; loc waazakonenjiganaaboowakikong; dim waazakonenjiganaaboowakikoons"
5277,waazakonenjiganaatig,ni,light pole; pi waazakonenjiganaatigoon; he wazakonenjiganaatigong; dim waazakonenjiganaatigoons weba' /weba'w-/ vta shove s.o. away using some- thing; Isg niweba'waa; pn wayeba'waad weba'an mi shove s.t. away using something; Isg niweba'aan; pn wayeba'ang
5286,wegwaagi,pc,behold!
5288,wemitigoozhiimo,vai,speak French; hg niwemitigoozhiim; prt wayemitigoozhiimod
5289,wenabozho,na,"name of aadizookaan character viewed as culture hero and trickster; also Nenabozho* wenda- pv4 really, completely, just so"
5292,wendaginzo,vai,be cheap; prt wayendaginzod
5295,weniban,pc,"disappeared!, gone!"
5299,wenipazh,pc,"at hand, easily wenipazhi* vta get s.o. easily; Isg niwenipazhi'aa; prt wayenipazhi'aad wenipazhitoon vd2 get s.t. easily; Isg niwenipazhitoon; prt wayenipazhitood wenji- pv3 from a certain place, for a certain reason, because changed from o/onji-"
5300,wese'an,vii,be a tornado; prt wayese'ang
5301,wewayiiba,pc,every little while; also wewiiba*
5309,weweni,pc,"properly, correctly, carefully wewese' /wewese'w-/ vta fan s.o.; Isg niwewese'waa; pn wayewese'waad"
5310,wewese'idizo,vai,fan oneself; 7s^niwewese*idiz; pn wayewese'idizod
5311,wewese'igan,ni,hand fan; pi wewese'iganan; loc wewese'iganing; dim wewese'igaans
5312,wewese'ige,vai,fan things; Isg niwewese'ige; pn wayewese'iged
5313,wewiib,pc,"in a hurry, quickly, hurry"
5316,wewiibingwaange,na,teal; pi wewiibingwaangeg; dim wewiibingwaangens
5320,wiibidaakaajiganan,ni,false teeth plural; also wiibidaakaanan
5332,wiidoopatn,vta,eat with s.o.; hg niwiidoopamaa; prt waadoopamaad
5335,wiigiwaamaak,ni,wigwam frame; pi wiigiwaamaakoon; loc wiigiwaamaakong; dim wiigiwaamaakoons
5336,wiigiwaamaatig,ni,wigwam pole; pI wiigiwaamaatigoon; loc wiigiwaamaatigong; dim wiigiwaamaatigoons
5337,wiigiwaamtge,vai,live in a wigwam; Isg niwiigiwaamige; prt waagiwaamiged
5342,wiigobimizh,na,basswood tree;/>/wiigobimizhiig; dim wiigobimixhiins
5345,wiigwaasabakway,ni,"birch bark covering, roll of birch bark roofing; pi wiigwaasabakwayan"
5346,wiigwaasabakwaain,na,birch bark roof; pi wiigwaasabakwaanag; loc wiigwaasabakwaaning
5353,wiij'anokiim,vta,work with s.o.; Isg niwiij'anokiimaa; prt waaj'anokiimaad; also wiiji-anokiim
5354,wiij'ayaaw,vta,"be with s.o., stay with s.o.; Isg niwiij'ayaawaa; prt waaj'ayaawaad; also wiiji- ayaaw wiiji- pv4 with, in company with"
5357,wiiji',vta,play with s.o.; Isg niwiiji'aa; prt waaji'aad
5359,wiijii'iwe,vai,"go with people, accompany people; Isg niwiijii'iwe; prt waajii'iwed wiijiindiwag /wiijiindi-/ vai they go with each other, they accompany each other; Ipl niwiijiindimin; pn waajiindijig"
5362,wiikaa,pc,"late, seldom, ever"
5364,wiikobidaw,vta,pull (s.t.) for s.o.; Isg niwiikobidawaa; prt waakobidawaad
5365,wiikobidoon,vti2,pull s.t.; Isg niwiikobidoon; prt waakobidood
5367,wiikobijigaade,vii,be pulled; prt waakobijigaadeg; aug wiikobijigaademagad; prt aug waakobijigaademagak
5368,wiikobijigaazo,vai,be pulled; pn waakobijigaazod
5369,wiikobijige,vai,pull things; Isg niwiikobijige; prt waakobijiged wiikobizh /wiikobiN-/ vta pull s.o.; Isg niwiikobinaa; prt waakobinaad
5371,wiikonge,vai,"give a feast, invite people to a feast (especially as part of a religious ceremony); Isg niwiikonge; prt waakonged"
5372,wiikwa'ibaan,ni,pump; pi wiikwa'ibaanan; loc wiikwa'ibaaning; dim wiikwa'ibaanens
5373,wiikwa'ibii,vai,pump water; Isg niwiikwa'ibii; prt waakwa'ibiid
5374,wiikwaji'o,vai,try to get free; Isg niwiikwaji'; prt waakwaji'od
5375,wiikwajitoon,vti2,"try to do s.t., try to get free of s.t.; Isg niwiikwajitoon; pn waakwajitood"
5376,wiikwam,vta,"suck on s.o., draw on s.o. with mouth (e.g., a pipe); Isg niwiikwamaa; prt waakwamaad"
5377,wiikwamo,vai,suck; Isg niwiikwam; prt waakwamod
5381,wiikwegamaa,vii,be a bay; prt waakwegamaag; aug wiikwegamaamagad; prt aug waakwegamaamagak
5382,wiimaashkaa,vai,detour; Isg niwiimaashkaa; pn waamaashkaad
5386,wiin,pc,"contrastive panicle wiin prhe thirdperson singular personal pronoun, she third person singular personal pronoun"
5393,wiindigoo-bineshiinh,na,kingbird; pi wiindigoo- bineshiinyag
5394,wiindigoowi,vai,"be a windigo; Isg niwiindigoow; prt waandigoowid wiineta pr only him thirdperson singular personal pronoun, only her third person singular personal pronoun wiinetawaa pr only them third person plural personal pronoun wiingashk in sweet grass; pi wiingashkoon; loc wiingashkong; dim wiingashkoons"
5397,wiinigiizhwe,vai,"speak nastily; 7s£ niwiinigiizhwe; prt waanigiizhwed wiini"" vta make s.o. dirty; Isg niwiini'aa; prt waani'aad"
5398,wiinijiishkiwagaa,vii,there is a muddy patch; prt waanijiishkiwagaag; aug wiinijiishkiwagaamagad; prt aug waanijiishkiwagaamagak
5402,wiinishagaandibaan,ni,dandruff
5403,wiinishagaandibe,vai,"have a dirty scalp; Isg niwiinishagaandibe; prt waanishagaandibed wiinitam pr his turn thirdperson singular personal pronoun, her turn third person singular personal pronoun wiinitamawaa pr their turn third person plural personal pronoun"
5404,wiinitoon,vti2,dirty s.t.; Isg niwiinitoon; prt waanitood
5406,wiinizik,na,yellow birch; pi wiinizikoog; dim wiinizikoons
5407,wiinizisimaani-zagaakwa'igan,ni,"hairpin; pi wiinizisimaani-zagaakwa'iganan; dim wiinizisimaani-zagaakwa'igaans wiinzh /wiinN-/ vta name s.o., mention the name of s.o., give s.o. a name; Isg niwiinaa; prt waanaad"
5412,wiisagan,vii,be bitter; prt waasagang; also wiisagaa wiisagaagamin /wiisagaagami-/ vii be bitter (as a liquid); prt waasagaagamig
5413,wiisagendam,vai,suffer pain; Isg niwiisagendam; prt waasagendang
5422,wiisaakodewikwe,na,"woman of mixed ancestry, Metis woman; pi wiisaakodewikweg"
5423,wiisaakodewinini,na,"person of mixed ancestry, Metis; pi wiisaakodewininiwag"
5427,wiishkobi-jiis,ni,sugar beet; pi wiishkobi-jiisan
5433,wiisinii-adaawewigamig,ni,grocery store; pi wiisinii-adaawewigamigoon; loc wiisinii- adaawewigamigong; dim wiisinii- adaawewigamigoons
5439,wiiyagasenh,ni,"dust, dirt; pi wiiyagasenyan"
5442,wiiyaasi-dakoniwewintni,na,"game warden, conservation officer; p/wiiyaasi- dakon iwewi n in i wag"
5445,zaga'an,vti,fasten s.t. together; Isg inzaga'aan; prt zega'ang
5446,zaga'igan,ni,nail; pi zaga'iganan; loc zaga'iganing; dim zaga'igaans
5447,zagakim,vta,tell s.o. to settle down; Isg inzagakimaa; prt zegakimaad
5448,zagakin,vta,"put s.o. away, tidy s.o.; Isg inzagakinaa; prt zegakinaad"
5450,zagakinigaade,vii,"be put away, be tidied; prt zegakinigaadeg; aug zagakinigaademagad; prt aug zegakinigaademagak"
5451,zagakinigaazo,vai,"be put away, be tidied; prt zegakinigaazod"
5452,zagakinige,vai,"put things away, tidy things; Isg inzagakinige; pit zegakiniged"
5456,zagapidoon,vti2,"tie s.t. on, tow s.t.; hg inzagapidoon; prt zegapidood"
5460,zagaswaadan,vti,"smoke s.t. (e.g., kinnickinnick); Isg inzagaswaadaan; prt zegaswaadang zagaswaazh /zagaswaaN-/ vta smoke s.o. (e.g., tobacco); Isg inzagaswaanaa; prt zegaswaanaad"
5461,zagaswe',vta,"give a smoke to s.o., share a smoke with s.o. (especially a pipe in a ceremony); Isg inzagaswe'aa; prt zegaswe'aad zagaswe'idiwag /zagaswe'idi-/ vai they have a council meeting; Ipl inzagaswe'idimin; prt zegaswe'idijig"
5462,zagaswe'idiiwinini,na,councillor; pi zagaswe'idiiwininiwag
5463,zagaswe'iwe,vai,"give a ceremony, convene a coun- cil; Isg inzagaswe'iwe; prt zegaswe'iwed"
5464,zagataagan,na,"tinder, punk; />/ zagataaganag; loc zagataaganing zagaakwa' /zagaakwa'w-/ vta fasten s.o., pin s.o., button s.o. up; Isg inzagaakwa'waa; prt zegaakwa'waad"
5465,zagaakwa'an,vti,"fasten s.t., pin s.t.; Isg inzagaakwa'aan; prt zegaakwa'ang"
5466,zagaakwa'igan,ni,"pin, safety pin; pi zagaakwa'iganan; loc zagaakwa'iganing; dim zagaakwa'igaans"
5467,zagaakwa'igaade,vii,"be fastened, be pinned; prt zegaakwa'igaadeg; aug zagaakwa'igaademagad; prt aug zegaakwa'igaademagak"
5468,zagaakwa'igaazo,vai,"be fastened, be pinned; prt zegaakwa'igaazod"
5469,zagaakwa'ige,vai,"fasten things, pin things; Isg inzagaakwa'ige; prt zegaakwa'iged"
5470,zagaakwa'odizo,vai,button up oneself; Isg inzagaakwa'odiz; prt zegaakwa'odizod
5471,zagaakwa'on,na,"brooch, pin; pi zagaakwa'onag; loc zagaakwa'oning; dim zagaakwa'onens"
5472,zagaakwajin,vai,get snagged on a limb; Isg inzagaakwajin; prt zegaakwajing
5474,zagidoonebijigan,ni,"bridle, bit; pi zagidoonebijiganan; loc zagidoonebijiganing; dim zagidoonebijigaans"
5476,zagimekaa,vii,there are many mosquitoes; prt zegimekaag; aug zagimekaamagad; prt aug zegimekaamagak
5479,zaka'amaw,vta,"set (s.t.) on fire for s.o., light (s.t.) for s.o.; Isg inzaka'amawaa; prt zeka'amawaad"
5480,zaka'an,vti,"set s.t. on fire, light s.t.; Isg inzaka'aan; prt zeka'ang"
5481,zaka'igan,ni,lighter; pi zaka'iganan; loc zaka'iganing; dim zaka'igaans
5482,zaka'ipwaagane,vai,light a pipe; Isg inzaka'ipwaagane; prt zeka'ipwaaganed
5483,zaka'o,vai,use a cane; Isg inzaka'; pn zeka'od
5484,zaka'on,ni,cane; pi zaka'onan; loc zaka'oning; dim zaka'onens
5485,zakaasigan,ni,flashlight; pi zakaasiganan; loc zakaasiganing; dim zakaasigaans
5491,zanagenim,vta,"consider s.o. hard, consider s.o. difficult; Isg inzanagenimaa; pn zenagenimaad"
5492,zanagi',vta,make it difficult for s.o.; Isg inzanagi'aa; pn zenagi'aad
5494,zasakwaa,vii,there is a heavy frost; pn zesakwaag zasaswe < zaswe= zasiko= < ziko= zasiiko= < ziko-
5495,zaswebidoon,vti2,scatter s.t. with hands; Isg inzaswebidoon; pn zeswebidood zaswebizh /zaswebiN-/ vta scatter s.o. with hands; Isg inzaswebinaa; prt zeswebinaad
5496,zaswebiiga'andaw,vta,splash s.o.; Isg inzaswebiiga'andawaa; prt zeswebiiga'andawaad
5497,zaswe'an,vti,scatter s.t. using something; Isg inzaswe'aan; pn zeswe'ang
5498,zasweshkan,vti,scatter s.t. with foot or body; Isg inzasweshkaan; pn zesweshkang
5499,zasweshkaw,vta,scatter s.o. with foot or body; Isg inzasweshkawaa; pn zesweshkawaad
5500,zazagaa,vii,there is dense underbrush; pn zezagaag; aug zazagaamagad; prt aug zezagaamagak
5502,zazegaa,pc,"dressed up, decorated"
5503,zazegaa'o,vai,dress up; Isg inzazegaa'; prt zezegaa'od
5507,zaaga'amoowigamig,ni,"toilet, outhouse, privy; pi zaaga'amoowigamigoon; loc zaaga'amoowigamigong; dim zaaga'amoowigamigoons"
5508,zaaga'igan,ni,lake; pi zaaga'iganiin; loc zaaga'iganiing; dim zaaga'igaans
5510,zaagakii,vai,sprout; pn zayaagakiid
5512,zaagaakoshin,vai,lie sticking out (as something stick- or wood-like); Isg inzaagaakoshin; prt zayaagaakoshing
5513,zaagaakosin,vii,lie sticking out (as something stick- or wood-like); prt zayaagaakosing
5518,zaagewe'o,vai,paddle suddenly into view; Isg inzaagewe'; prt zayaagewe'od
5519,zaagewekwazhiwe,vai,"paddle suddenly into view, swim as a fish suddenly into view; Isg inzaagewekwazhiwe; pn zayaagewekwazhiwed"
5522,zaagichigaade,vii,"be loved, be treasured, be held stingily; prt zayaagichigaadeg; aug zaagichigaademagad; pn aug zayaagichigaademagak"
5523,zaagichigaazo,vai,"be loved, be treasured, be held stingily; pn zayaagichigaazod"
5524,zaagidawaa,vii,"flow into a lake, be an inlet; pn zayaagidawaag; aug zaagidawaamagad; pn aug zayaagidawaamagak zaagidaawanidiwag /zaagidaawanidi-/ vai they go out in a group; Ipl inzaagidaawanidimin; prt zayaagidaawanidijig"
5533,zaagijiwan,vii,flow out; prt zayaagijiwang
5539,zaagiziba',vta,run out with s.o.; hg inzaagiziba'aa; prt zayaagiziba'aad zaagiziba'idiwag /zaagiziba'idi-/ vai they run out together; I pi inzaagiziba'idimin; pn zayaagiziba'idijig
5540,zaagizibatoo,vai,run out; Isg inzaagizibatoo; pn zayaagizibatood
5541,zaagizibatwaadan,vti,"run out with s.t.; hg inzaagizibatwaadaan; pn zayaagizibatwaadang zaagizibatwaazh /zaagizibatwaaN-/ vta run out with s.o.; hg inzaagizibatwaanaa; pn zayaagizibatwaanaad zaagizi* vta take s.o. out, make s.o. go out; hg inzaagizi'aa; prt zayaagizi'aad"
5542,zaagizitaw,vta,take (s.t.) out for s.o.; hg inzaagizitawaa; pn zayaagizitawaad
5543,zaagizitoon,vti2,take s.t. out; Isg inzaagizitoon; pn zayaagizitood
5544,zaagiing,pc,at the inlet
5547,zaasakokwaan,na,fry bread; pi zaasakokwaanag; he zaasakokwaaning; dim zaasakokwaanens zaasakokwaazh /zaasakokwaaN-/ vta fry s.o.; hg inzaasakokwaanaa; prt zayaasakokwaanaad
5549,zaasakokwe,vai,fry; hg inzaasakokwe; pn zayaasakokwed zaasaag= < zaag=
5552,zaasijiwan,vii,flow with a ripple; pn zayaasijiwang zaasoong= < zoong=
5560,zegaatese,vii,"be a scary movie; prt zayegaateseg; aug zegaatesemagad; pn aug zayegaatesemagak zegendam vai2 be nervous, be fearful; hg inzegendam; pn zayegendang"
5563,zegibanwaanishiinh,na,cedar waxwing; pi zegibanwaanishiinyag
5564,zegigaadeshin,vai,"sprain one's leg; hg inzegigaadeshin; pn zayegigaadeshing zegi* vta scare s.o., frighten s.o.; hg inzegi'aa; prt zayegi'aad"
5569,zeginikeshin,vai,sprain one's arm; hg inzeginikeshin; pn zayeginikeshing
5571,zegizideshin,vai,sprain one's foot; hg inzegizideshin; pn zayegizideshing
5572,zegwewe,vii,rumble; pn zayegweweg; aug zegwewemagad; pn aug zayegwewemagak
5574,zenibaawegin,ni,"silk, satin; pi zenibaaweginoon; loc zenibaaweginong; dim zenibaaweginoons"
5575,zesab,na,nettle; pi zesabiig; loc zesabiing zeseg= < zeg=
5576,zesegwaabide'o,vai,pick one's teeth; hg inzesegwaabide'; pn zayesegwaabide'od
5577,zesegwaabide'on,ni,toothpick; pi zesegwaabide'onan; loc zesegwaabide'oning; dim zesegwaabide'onens zhagashkaandawe iia flying squirrel; pi zhagashkaandaweg; dim zhagashkaandawens
5580,zhakamodaw,vta,spoon feed s.o.; Isg inzhakamodawaa; prl zhekamodawaad
5581,zhakaa,vii,be damp; pn zhekaag; aug zhakaamagad; prt aug zhekaamagak
5583,zhakizi,vai,be damp; pn zhekizid
5584,zhakiigad,vii,be damp (as something sheet-like); pn zhekiigak
5585,zhakiigizi,vai,be damp (as something sheet-like); pn zhekiigizid
5590,zhayiigwa,pc,"now, already old-fashioned zhazhiibitam vai2 be stubborn, be disobedient; hg inzhazhiibitam; pn zhezhiibitang"
5594,zhaabobiiginigan,m,strainer; pi zhaabobiiginiganan; loc zhaabobiiginiganing; dim zhaabobiiginigaans
5600,zhaaboshkaachigan,ni,sifter; pi zhaaboshkaachiganan; loc zhaaboshkaachiganing; dim zhaaboshkaachigaans
5601,zhaaboshkaachige,vai,sift things; hg inzhaaboshkaachige; prt zhayaaboshkaachiged zhaaboshkaas /zhaaboshkaasw-/ vta sift s.o.; hg inzhaaboshkaaswaa; prt zhayaaboshkaaswaad
5602,zhaaboshkaatoon,vti2,sift s.t.; hg inzhaaboshkaatoon; prt zhayaaboshkaatood
5606,zhaaboominagaawanzh,na,gooseberry bush; pi zhaaboominagaawanzhiig; loc zhaaboominagaawanzhiing; dim zhaaboominagaawanzhiins
5607,zhaaboondawaan,ni,long lodge with doors at both ends; pi zhaaboondawaanan; loc zhaaboondawaaning; dim zhaaboondawaanens
5608,zhaabwayi'ii,pc,through it
5611,zhaabwaakizigan,ni,x-ray plate; pi zhaabwaakiziganan
5614,zhaaganaash,na,Englishman; pi zhaaganaashag; also zhaaganaashi
5616,zhaaganaashiimotaw,vta,speak English to s.o.; hg inzhaaganaashiimotawaa; pn zhayaaganaashiimotawaad
5618,zhaaganaashiiwibii'amaw,vta,write in English to s.o.; hg inzhaaganaashiiwibii'amawaa; pn zhayaaganaashiiwibii'amawaad
5619,zhaaganaashiiwibii'an,vti,write s.t. in English; Isg inzhaaganaashiiwibii'aan; pn zhayaaganaashiiwibii'ang
5620,zhaaganaashiiwibii'ige,vai,write in English; hg inzhaaganaashiiwibii'ige; pn zhayaaganaashiiwibii'iged
5621,zhaagode'e,vai,be cowardly; hg inzhaagode'e; pn zhayaagode'ed
5623,zhaagooji',vta,"defeat s.o., overcome s.o.; hg inzhaagooji'aa; pn zhayaagooji'aad"
5624,zhaagooji'iwe,vai,"defeat people, overcome people; hg inzhaagooji'iwe; pn zhayaagooji'iwed"
5625,zhaagoojitoon,vti2,"defeat s.t., overcome s.t.; hg inzhaagoojitoon; prt zhayaagoojitood"
5627,zhaagwaadad,vii,"be weak in power, be ineffective; pn zhayaagwaadak"
5628,zhaagwaadizi,vai,"be weak in power, be ineffective; hg inzhaagwaadiz; fn zhayaagwaadizid zhaagwaagamin /zhaagwaagami-/ vii be weak (as a liquid); prt zhayaagwaagamig"
5629,zhaagwendan,vti,"consider s.t. weak; hg inzhaagwendaan; prt zhayaagwendang zhaagwenim via consider s.o. weak, have doubts about s.o.; Isg inzhaagwenimaa; prt zhayaagwenimaad"
5631,zhaagwiiwii,vai,be weak in muscular strength; hg inzhaagwiiwii; prt zhayaagwiiwiid zhaangaching fc nine times zhaangachinoon /zhaangachin-/ vii they are nine; prt zhayaangachingin zhaangachiwag /zlfiaangachi-/ vai they are nine; I pi inzhaangachimin; prt zhayaangachijig zhaangasimidana nm ninety zhaangaso- pv4 nine
5632,zhaangaso-anamai'e-giizhik,pc,nine weeks
5633,zhaangaso-biboon,pc,nine years
5634,zhaangaso-biboortagad,vii,be nine years; prt zhayaangaso-biboonagak
5635,zhaangaso-bibooriagizi,vai,be nine years old; Isg inzhaangaso-biboonagiz; prt zhayaangaso- biboonagizid
5636,zhaangaso-diba'igan,pc,"nine hours, nine miles"
5637,zhaangaso-diba'iganed,vii,be nine o'clock; prt zhayaangaso-diba'iganek
5638,zhaangaso-diba'igaans,pc,"nine minutes, nine acres"
5639,zhaangaso-giizhik,pc,nine days
5640,zhaangaso-giizis,pc,nine months
5641,zhaangasogon,pc,nine days
5643,zhaangasogonagixi,vai,"be the ninth day of the month, be nine days old; prt zhayaangasogonagizid"
5644,zhaangasoninj,pc,nine inches zhaangasosagoons nm nine thousand
5645,zhaangasozid,pc,nine feet
5646,zhaangasoobii'igan,na,nine (card); pi zhaangasoobi i'iganag
5647,zhaangasooshkin,pc,nine bags zhaangaswaabik ;n nine dollars zhaangaswaak nm nine hundred
5648,zhaangaswewaan,pc,"nine sets, nine pairs zhaangaswi nm nine"
5650,zhaangweshiwayaian,na,mink hide; pi zhaangweshiwayaanag; dim zhaangweshiwayaanens zhaashaabw= < zhaabw=
5652,zhaashaagwamikiwe,vai,chew gum; Isg inzhaashaagwamikiwe; pn zhayaashaagwamikiwed
5656,zhaawan,pc,south
5657,zhaawani-noodin,ni,south wind
5658,zhaawanong,pc,"in the south, to the south zhaawaabookaadeg bipakoombens ni pickle; pi zhaawaabookaadegin bipakoombensan"
5659,zhebaa,pc,this morning (just past)
5667,zhigagowe,vai,vomit; hg inzhigagowe; prt zhegagowed zhigajibii* vta be tired of waiting for s.o.; hg inzhigajibii'aa; prt zhegajibii'aad
5668,zhigajibii'o,vai,be tired of waiting; hg inzhigajibii'; pn zhegajibii'od
5669,zhigajibiitoon,vti2,be tired of waiting for s.t.; Isg inzhigajibiitoon; pn zhegajibiitood
5670,zhigajii,vai,"be tired, be impatient; hg inzhigajii; prt zhegajiid"
5674,zhigingwaam,vai,wet the bed; hg inzhigingwaam; pn zhegingwaang
5676,zhigwa,pc,"now, at this time; also azhigwa, zhigo"
5677,zhigwameg,na,dogfish; pi zhigwamegwag; dim zhigwamegoons
5678,zhigwaajiganaak,ni,tool for extracting marrow from bones; pi zhigwaajiganaakoon
5679,zhigwaajige,vai,extract marrow from bones; hg inzhigwaajige; pn zhegwaajiged
5680,zhigweyaabam,vta,aim at s.o.; hg inzhigweyaabamaa; prt zhegweyaabamaad
5681,zhigweyaabandan,vti,aim at s.t.; hg inzhigweyaabandaan; prt zhegweyaabandang
5682,zhigweyaabi,vai,aim sights; Isg inzhigweyaab; prt zhegweyaabid
5683,zhimaagan,ni,"spear, lance; pi zhimaaganan; loc zhimaaganing; dim zhimaagaans"
5686,zhimaaganishii-ogimaa,na,military officer; pi zhimaaganishii-ogimaag zhimaaganishiiwigamig in veteran's home; pi zhimaaganishiiwigamigoon; loc zhimaaganishiiwigamigong
5687,zhinawa'oojigan,ni,"small round bell, sleigh bell, dance bell; pi zhinawa'oojiganan; loc zhinawa'oojiganing; dim zhinawa'oojigaans zhingaden via spread s.o. out; Isg inzhingadenaa; prt zhengadenaad"
5690,zhingadeshin,vai,lie spread out; Isg inzhingadeshin; prt zhengadeshing
5691,zhingadesidoon,vti2,lay s.t. spread out; Isg inzhingadesidoon; prt zhengadesidood zhingadesin mi lie spread out; prt zhengadesing
5695,zhingobaandag,na,fir bough; pi zhingobaandagoog; loc zhingobaandagong; dim zhingobaandagoons
5702,zhishigobidoon,vti2,crush s.t. with hands; Isg inzhishigobidoon; pn zheshigobidood zhishigobizh /zhishigobiN-/ vta crush s.o. with hands; 7s^inzhishigobinaa;pr; zheshigobinaad
5707,zhishwajayi'ii,pc,alongside it
5708,zhishwajigamig,pc,alongside the house
5709,zhishwajikana,pc,alongside the road zhizhoobii' /zhizhoobii'w-/ vta paint s.o.; Isg inzhizhoobii'waa; prt zhezhoobii'waad
5710,zhizhoobii'amaw,vta,paint (s.t.) for s.o.; Isg inzhizhoobii'amawaa; pn zhezhoobii'amawaad
5711,zhizhoobii'an,vti,paint s.t.; Isg inzhizhoobii'aan; prt zhezhoobii'ang
5712,zhizhoobii'igan,ni,paint; pi zhizhoobii'iganan; he zhizhoobii'iganing
5713,zhizhoobii'iganaatig,ni,paint brush; pi zhizhoobii'iganaatigoon; loc zhizhoobii'iganaatigong; dim zhizhoobii'iganaatigoons
5714,zhizhoobii'ige,vai,paint things; Isg inzhizhoobii'ige; prt zhezhoobii'iged
5715,zhizhoobii'igewinini,na,painter; pi zhizhoobii'igewininiwag zhizhoo' /zhizhoo'w-/ vta spread s.o. using some- thing; Isg inzhizhoo'waa; prt zhezhoo'waad
5716,zhizhoo'an,vti,spread s.t. using something; Isg inzhizhoo'aan; prt zhezhoo'ang
5717,zhizhoo'ige,vai,spread things using something; Isg inzhizhoo'ige; prt zhezhoo'iged
5718,zhiibawaaseyaa,vti,be transparent; pn zhaabawaaseyaag; aug zhiibawaaseyaamagad; prt aug zhaabawaaseyaamagak
5719,zhiibawaasezi,vai,be transparent; Isg inzhiibawaasez; pn zhaabawaasezid zhiibaakwa' /zhiibaakwa'w-/ vta stretch s.o. on a hide stretcher; Isg inzhiibaakwa'waa; pn zhaabaakwa'waad
5720,zhiibaakwa'ataan,ni,flat hide stretcher (especially for muskrats); pi zhiibaakwa'ataanan; loc zhiibaakwa'ataaning; dim zhiibaakwa'ataanens
5723,zhiibaayaakizo,vai,get x-rayed; Isg inzhiibaayaakiz; prt zhaabaayaakizod
5725,zhiibiiga'an,vti,stretch s.t. using something (as something sheet-like); Isg inzhiibiiga'aan; prt zhaabiiga'ang
5726,zhiibiigibidoon,vti2,stretch s.t. by pulling (as something sheet-like); Isg inzhiibiigibidoon; pn zhaabiigibidood zhiibiigibizh /zhiibiigibiN-/ vta stretch s.o. by pull- ing (as something sheet-like); Isg inzhiibiigibinaa; prt zhaabiigibinaad
5732,zhiigonigaazo,vai,be emptied; prt zhaagonigaazod
5736,zhiigoojiinan,vti,deflate s.t.; Isg inzhiigoojiinaan; pn zhaagoojiinang
5738,zhiingendan,vti,"dislike s.t., disapprove of s.t., hate s.t.; hg inzhiingendaan; pn zhaangendang"
5739,zhiingendaagozi,vai,"be disliked, be disapproved of, be hated; Isg inzhiingendaagoz; pn zhaangendaagozid"
5741,zhiingenim,vta,"dislike s.o., disapprove of s.o., hate s.o.; hg inzhiingenimaa; pn zhaangenimaad zhiingenindiwag /zhiingenindi-/ vai they dislike each other, they disapprove of each other, they hate each other; Ipl inzhiingenindimin; prt zhaangeninindijig zhiishiib= < zhiib="
5744,zhiishiibikojigan,na,duck decoy; pi zhiishiibikojigan; loc zhiishiibikojiganing; dim zhiishiibikojigaans zhiishiig= < zhig=
5746,zhiishiigwan,na,rattle; pi zhiishiigwanag; he zhiishiigwaning; dim zhiishiigwaans
5747,zhiishiigwaans,na,sugar cone; pi zhiishiigwaansag; loc zhiishiigwaansing
5751,zhiiwaabookaade,vii,be pickled; pn zhaawaabookaadeg; aug zhiiwaabookaademagad; pn aug zhaawaabookaademagak
5752,zhiiwaagamide,vii,thicken into syrup; pn zhaawaagamideg; aug zhiiwaagamidemagad; prt aug zhaawaagamidemagak zhiiwaagamin /zhiiwaagami-/ vii be sour (as a liquid); prt zhaawaagamig
5756,zhiiwibag,ni,rhubarb; pi zhiiwibagoon; loc zhiiwibagong; dim zhiiwibagoons
5757,zhiiwi-bipakoombens,ni,pickle; pi zhiiwi- bipakoombensan
5760,zhiiwitaagana'an,vti,salt s.t.; hg inzhiiwitaagana'aan; prt zhaawitaagana'ang
5761,zhiiwitaagana'ige,vai,salt things; hg inzhiiwitaagana'ige; prt zhaawitaagana'iged zhiiwitaaganaagamin /zhiiwitaaganaagami-/ vii be salty (as a liquid); pn zhaawitaaganaagamig
5763,zhiiwitaaganipogwad,vii,taste salty; prt zhaawitaaganipogwak
5766,zhoobi',vta,"attract s.o., please s.o.; hg inzhoobi'aa; pn zhwaabi'aad"
5767,zhoobizi,vai,be tempted; hg inzhoobiz; prt zhwaabizid
5769,zhoominens,ni,raisin; pi zhoominensan zhiishiigwan (rattle)
5771,zhoomiingwetaw,vta,smile at s.o.; Isg inzhoomiingwetawaa; prt zhwaamiingwetawaad
5776,zhooniyaawaabik,na,coin; pi zhooniyaawaabikoog; loc zhooniyaawaabikong; dim zhooniyaawaabikoons
5781,zhooshkonan,vti,slide s.t. with hand; Isg inzhooshkonaan; prt zhwaashkonang
5783,zhooshkoshimaan,na,ski; pi zhooshkoshimaanag; also zhooshkoshime- aagim
5785,zhooshkwabi,vai,slide over sitting; Isg inzhooshkwab; prt zhwaashkwabid zhooshkwadamon /zhooshkwadamo-/ DM be slippery (as a road or trail); prt zhwaashkwadamog
5789,zhooshkwaada'aagan,ni,skate; pi zhooshkwaada'aaganan; loc zhooshkwaada'aaganing; dim zhooshkwaada'aagaans
5790,zhooshkwaada'e,vai,skate; Isg inzhooshkwaada'e; pn zhwaashkwaada'ed
5791,zhooshkwaada'ewigamig,ni,"arena, rink; pi zhooshkwaada'ewigamigoon; loc zhooshkwaada'ewigamigong; dim zhooshkwaada'ewigamigoons"
5792,zhooshkwaagim,na,ski; pi zhooshkwaagimag; loc zhooshkwaagiming; dim zhooshkwaagimens
5797,zhooshkwega'an,vti,iron s.t.; Isg inzhooshkwega'aan; prt zhwaashkwega'ang
5798,zhooshkwega'igan,ni,clothes iron; pi zhooshkwega'iganan; loc zhooshkwega'iganing; dim zhooshkwega'igaans
5799,zhooshkwega'ige,vai,iron clothes; Isg inzhooshkwega'ige; pn zhwaashkwega'iged
5802,zikowin,ni,"saliva, spit"
5804,zikwaajige,vai,spit on things; Isg inzikwaajige; pn zekwaajiged zikwaazh /zikwaaN-/ vta spit on s.o.; Isg inzikwaanaa; prt zekwaanaad
5805,zinigobidoon,vti2,massage s.t. with something; Isg inzinigobidoon; pn zenigobidood zinigobizh /zinigobiN-/ vta massage s.o. with something; hg inzinigobinaa; pn zenigobinaad
5808,zisiboodoon,vti2,"file s.t., grind s.t. down; hg inzisiboodoon; pn zesiboodood"
5811,ziibaaska'igan,ni,jingle (on dress); pi ziibaaska'iganan; loc ziibaaska'iganing; dim ziibaaska*igaans
5812,ziibaaska'iganagooday,ni,jingle dress; pi ziibaaska'iganagoodayan ziibaaska'iganagooday (jingle dress)
5813,ziibaaskobijige,vai,set a net under the ice; Isg inziibaaskobijige; pn zaabaaskobijiged
5816,ziiga'andan,vti,"water s.t., pour liquid on s.t.; Isg inziiga'andaan; pn zaaga'andang"
5817,ziiga'andaw,vta,"pour liquid on s.o., baptize s.o.; Isg inziiga'andawaa; pn zaaga'andawaad"
5818,ziiga'igan,ni,"sugar cake, sugar cone; pi ziiga'iganan; he ziiga'iganing; dim ziiga'igaans"
5819,ziiga'iganike,vai,make a sugar cone; Isg inziiga'iganike; pn zaaga'iganiked
5820,ziiga'ige,vai,cast sugar cones; Isg inziiga'ige; pn zaaga'iged ziigana' /ziigana'w-/ vta spoon feed s.o. a liquid; Isg inziigana'waa; pn zaagana'waad
5821,ziigashkinadoon,vti2,fill s.t. to overflowing with solids; Isg inziigashkinadoon; pn zaagashkinadood ziigashkina* vta fill s.o. to overflowing with solids; Isg inziigashkina'aa; pn zaagashkina'aad
5822,ziigibadoon,vti2,fill s.t. to overflowing with a liquid; Isg inziigibadoon; pn zaagibadood
5834,ziigwanishi,vai,spend the spring somewhere; Isg inziigwanish; pn zaagwanishid ziigwanong/>t last spring
5836,ziigwebinigan,ni,"dump, trash; pi ziigwebiniganan; loc ziigwebiniganing; dim ziigwebinigaans"
5837,ziigwebinigewakik,na,slop pail; pi ziigwebinigewakikoog; loc ziigwebinigewakikong; dim ziigwebinigewakikoons
5838,ziikaa,na,"car old fashioned', pi ziikaag; loc ziikaang; dim ziikaans"
5839,ziikaapidan,vti,drink s.t. quickly; Isg inziikaapidaan; pn zaakaapidang
5841,ziinaakwa'igan,ni,"clothes wringer, clothespin; pi ziinaakwa'iganan; loc ziinaakwa'iganing; dim ziinaakwa'igaans"
5842,ziindaakoshin,vai,be wedged in tightly (as some- thing stick- or wood-like); Isg inziindaakoshin; pn zaandaakoshing
5843,ziindaakosin,vii,be wedged in tightly (as some- thing stick- or wood-like); pn zaandaakosing
5844,ziinibidoon,vti2,"squeeze s.t., wring s.t.; Isg inziinibidoon; pn zaanibidood ziinibizh /ziinibiN-/ vta squeeze s.o., wring s.o.; Isg inziinibinaa; pn zaanibinaad"
5845,ziinikiigomaan,na,snot
5846,ziinikiigome,vai,blow one's nose; Isg inziinikiigome; pn zaanikiigomed
5848,ziininiwe,vai,milk cows; Isg inziininiwe; pn zaaniniwed
5851,ziinzibaakwad-onaagaans,ni,sugar bowl; pi ziinzibaakwad-onaagaansan; loc ziinzibaakwad-onaagaansing
5852,ziinzibaakwadowaapine,vai,have diabetes; Isg inziinzibaakwadowaapine; pn zaanzibaakwadowaapined; also ziinzibaakwadwaapine
5859,zoongide'e,vai,be brave; Isg inzoongide'e; prt zwaangide'ed
5860,zoongigane,vai,"have strong bones; Isg inzoongigane; prt zwaangiganed zoongi* vta make s.o. strong, make s.o. solid; Isg inzoongi'aa; prt zwaangi'aad"
5861,zoongingwashi,vai,sleep deeply
5862,zoonginike,vai,have a strong arm; Isg inzoonginike; prt zwaanginiked
5863,zoongininjii,vai,have a strong hand; Isg inzoongininjii; prt zwaangininjiid
5864,zoongishin,vai,lie firmly fixed in place; Isg inzoongishin; prt zwaangishing
5865,zoongisin,vii,lie firmly fixed in place; prt zwaangising
5866,zoongitoon,vti2,"make s.t. strong, make s.t. solid; Isg inzoongitoon; prt zwaangitood"
